run,device,device_name,sm,sm_count,cell,axis,points,voxel_m,pool_blocks,blocks,load_factor,batch,scratch_slots,arm,stage,p50_ms,p95_ms,p99_ms,min_ms,mean_ms,n,gpu_state
1,0,"NVIDIA GeForce RTX 5070 Ti",120,70,base,baseline,320000,0.010000,16384,1160,0.035400,8,65536,A3-cuda,allocate,0.027988,0.028344,0.028360,0.027532,0.027986,30,"2827, 13801, 47, 75.78"
1,0,"NVIDIA GeForce RTX 5070 Ti",120,70,base,baseline,320000,0.010000,16384,1160,0.035400,8,65536,A3-cuda,update,0.250428,0.253116,0.253212,0.247352,0.250262,30,"2827, 13801, 47, 75.78"
1,0,"NVIDIA GeForce RTX 5070 Ti",120,70,base,baseline,320000,0.010000,16384,1160,0.035400,8,65536,A4-rust,allocate,0.037188,0.037660,0.037916,0.035992,0.037123,30,"2827, 13801, 47, 75.78"
1,0,"NVIDIA GeForce RTX 5070 Ti",120,70,base,baseline,320000,0.010000,16384,1160,0.035400,8,65536,A4-rust,update,0.271124,0.273900,0.274960,0.267296,0.270830,30,"2827, 13801, 47, 75.78"
1,0,"NVIDIA GeForce RTX 5070 Ti",120,70,base,baseline,320000,0.010000,16384,1160,0.035400,8,65536,A5-triton,allocate,0.500996,0.503236,0.504120,0.497232,0.500864,30,"2827, 13801, 47, 75.78"
1,0,"NVIDIA GeForce RTX 5070 Ti",120,70,base,baseline,320000,0.010000,16384,1160,0.035400,8,65536,A5-triton,update,0.327284,0.330504,0.331180,0.324400,0.327513,30,"2827, 13801, 47, 75.78"
1,0,"NVIDIA GeForce RTX 5070 Ti",120,70,pts-20k,points,20000,0.010000,16384,1104,0.033691,8,65536,A3-cuda,allocate,0.004980,0.005220,0.005276,0.004824,0.005001,30,"2827, 13801, 46, 150.30"
1,0,"NVIDIA GeForce RTX 5070 Ti",120,70,pts-20k,points,20000,0.010000,16384,1104,0.033691,8,65536,A3-cuda,update,0.034356,0.035328,0.035628,0.033700,0.034463,30,"2827, 13801, 46, 150.30"
1,0,"NVIDIA GeForce RTX 5070 Ti",120,70,pts-20k,points,20000,0.010000,16384,1104,0.033691,8,65536,A4-rust,allocate,0.016640,0.017104,0.017176,0.016356,0.016682,30,"2827, 13801, 46, 150.30"
1,0,"NVIDIA GeForce RTX 5070 Ti",120,70,pts-20k,points,20000,0.010000,16384,1104,0.033691,8,65536,A4-rust,update,0.041008,0.041488,0.042268,0.040496,0.041019,30,"2827, 13801, 46, 150.30"
1,0,"NVIDIA GeForce RTX 5070 Ti",120,70,pts-20k,points,20000,0.010000,16384,1104,0.033691,8,65536,A5-triton,allocate,0.085652,0.086316,0.086524,0.084948,0.085650,30,"2827, 13801, 46, 150.30"
1,0,"NVIDIA GeForce RTX 5070 Ti",120,70,pts-20k,points,20000,0.010000,16384,1104,0.033691,8,65536,A5-triton,update,0.088080,0.088704,0.088720,0.087404,0.088121,30,"2827, 13801, 46, 150.30"
1,0,"NVIDIA GeForce RTX 5070 Ti",120,70,pts-80k,points,80000,0.010000,16384,1160,0.035400,8,65536,A3-cuda,allocate,0.010500,0.011208,0.011236,0.010160,0.010563,30,"2827, 13801, 47, 149.32"
1,0,"NVIDIA GeForce RTX 5070 Ti",120,70,pts-80k,points,80000,0.010000,16384,1160,0.035400,8,65536,A3-cuda,update,0.069688,0.070940,0.070952,0.068756,0.069739,30,"2827, 13801, 47, 149.32"
1,0,"NVIDIA GeForce RTX 5070 Ti",120,70,pts-80k,points,80000,0.010000,16384,1160,0.035400,8,65536,A4-rust,allocate,0.017660,0.018320,0.018344,0.017160,0.017694,30,"2827, 13801, 47, 149.32"
1,0,"NVIDIA GeForce RTX 5070 Ti",120,70,pts-80k,points,80000,0.010000,16384,1160,0.035400,8,65536,A4-rust,update,0.081904,0.083684,0.083952,0.079840,0.082019,30,"2827, 13801, 47, 149.32"
1,0,"NVIDIA GeForce RTX 5070 Ti",120,70,pts-80k,points,80000,0.010000,16384,1160,0.035400,8,65536,A5-triton,allocate,0.149256,0.149768,0.149948,0.148640,0.149310,30,"2827, 13801, 47, 149.32"
1,0,"NVIDIA GeForce RTX 5070 Ti",120,70,pts-80k,points,80000,0.010000,16384,1160,0.035400,8,65536,A5-triton,update,0.118384,0.119288,0.119500,0.117088,0.118241,30,"2827, 13801, 47, 149.32"
1,0,"NVIDIA GeForce RTX 5070 Ti",120,70,pts-720k,points,720000,0.010000,16384,1160,0.035400,8,65536,A3-cuda,allocate,0.051488,0.052676,0.052708,0.050872,0.051598,30,"2827, 13801, 50, 164.49"
1,0,"NVIDIA GeForce RTX 5070 Ti",120,70,pts-720k,points,720000,0.010000,16384,1160,0.035400,8,65536,A3-cuda,update,0.543716,0.546444,0.547856,0.537188,0.542922,30,"2827, 13801, 50, 164.49"
1,0,"NVIDIA GeForce RTX 5070 Ti",120,70,pts-720k,points,720000,0.010000,16384,1160,0.035400,8,65536,A4-rust,allocate,0.063236,0.064348,0.064476,0.062180,0.063214,30,"2827, 13801, 50, 164.49"
1,0,"NVIDIA GeForce RTX 5070 Ti",120,70,pts-720k,points,720000,0.010000,16384,1160,0.035400,8,65536,A4-rust,update,0.563840,0.568676,0.571264,0.559972,0.564443,30,"2827, 13801, 50, 164.49"
1,0,"NVIDIA GeForce RTX 5070 Ti",120,70,pts-720k,points,720000,0.010000,16384,1160,0.035400,8,65536,A5-triton,allocate,1.126424,1.130728,1.131828,1.118456,1.126093,30,"2827, 13801, 50, 164.49"
1,0,"NVIDIA GeForce RTX 5070 Ti",120,70,pts-720k,points,720000,0.010000,16384,1160,0.035400,8,65536,A5-triton,update,0.640624,0.642732,0.642740,0.636272,0.640326,30,"2827, 13801, 50, 164.49"
1,0,"NVIDIA GeForce RTX 5070 Ti",120,70,pts-1280k,points,1280000,0.010000,16384,1160,0.035400,8,65536,A3-cuda,allocate,0.078820,0.080200,0.080216,0.078532,0.078966,30,"2827, 13801, 50, 172.12"
1,0,"NVIDIA GeForce RTX 5070 Ti",120,70,pts-1280k,points,1280000,0.010000,16384,1160,0.035400,8,65536,A3-cuda,update,0.896384,0.902536,0.903552,0.888324,0.896940,30,"2827, 13801, 50, 172.12"
1,0,"NVIDIA GeForce RTX 5070 Ti",120,70,pts-1280k,points,1280000,0.010000,16384,1160,0.035400,8,65536,A4-rust,allocate,0.095176,0.097196,0.097220,0.092728,0.095015,30,"2827, 13801, 50, 172.12"
1,0,"NVIDIA GeForce RTX 5070 Ti",120,70,pts-1280k,points,1280000,0.010000,16384,1160,0.035400,8,65536,A4-rust,update,0.929324,0.937004,0.937952,0.920356,0.929471,30,"2827, 13801, 50, 172.12"
1,0,"NVIDIA GeForce RTX 5070 Ti",120,70,pts-1280k,points,1280000,0.010000,16384,1160,0.035400,8,65536,A5-triton,allocate,1.943924,1.948952,1.950236,1.937556,1.943931,30,"2827, 13801, 50, 172.12"
1,0,"NVIDIA GeForce RTX 5070 Ti",120,70,pts-1280k,points,1280000,0.010000,16384,1160,0.035400,8,65536,A5-triton,update,1.042380,1.050160,1.051744,1.037732,1.042611,30,"2827, 13801, 50, 172.12"
1,0,"NVIDIA GeForce RTX 5070 Ti",120,70,r-0.25,extent,320000,0.010000,16384,280,0.008545,8,65536,A3-cuda,allocate,0.023524,0.023784,0.024960,0.023244,0.023530,30,"2827, 13801, 50, 160.51"
1,0,"NVIDIA GeForce RTX 5070 Ti",120,70,r-0.25,extent,320000,0.010000,16384,280,0.008545,8,65536,A3-cuda,update,0.241596,0.244632,0.245168,0.237236,0.241831,30,"2827, 13801, 50, 160.51"
1,0,"NVIDIA GeForce RTX 5070 Ti",120,70,r-0.25,extent,320000,0.010000,16384,280,0.008545,8,65536,A4-rust,allocate,0.035276,0.036116,0.036132,0.033752,0.035216,30,"2827, 13801, 50, 160.51"
1,0,"NVIDIA GeForce RTX 5070 Ti",120,70,r-0.25,extent,320000,0.010000,16384,280,0.008545,8,65536,A4-rust,update,0.269464,0.273136,0.273412,0.263328,0.269197,30,"2827, 13801, 50, 160.51"
1,0,"NVIDIA GeForce RTX 5070 Ti",120,70,r-0.25,extent,320000,0.010000,16384,280,0.008545,8,65536,A5-triton,allocate,0.500928,0.503432,0.503708,0.498436,0.500933,30,"2827, 13801, 50, 160.51"
1,0,"NVIDIA GeForce RTX 5070 Ti",120,70,r-0.25,extent,320000,0.010000,16384,280,0.008545,8,65536,A5-triton,update,0.308112,0.309880,0.311592,0.303624,0.307475,30,"2827, 13801, 50, 160.51"
1,0,"NVIDIA GeForce RTX 5070 Ti",120,70,r-1.0,extent,320000,0.010000,65536,4752,0.036255,8,65536,A3-cuda,allocate,0.032520,0.032732,0.032748,0.032176,0.032505,30,"2827, 13801, 50, 174.14"
1,0,"NVIDIA GeForce RTX 5070 Ti",120,70,r-1.0,extent,320000,0.010000,65536,4752,0.036255,8,65536,A3-cuda,update,0.278328,0.280500,0.281500,0.275356,0.278099,30,"2827, 13801, 50, 174.14"
1,0,"NVIDIA GeForce RTX 5070 Ti",120,70,r-1.0,extent,320000,0.010000,65536,4752,0.036255,8,65536,A4-rust,allocate,0.041536,0.042160,0.042160,0.040812,0.041511,30,"2827, 13801, 50, 174.14"
1,0,"NVIDIA GeForce RTX 5070 Ti",120,70,r-1.0,extent,320000,0.010000,65536,4752,0.036255,8,65536,A4-rust,update,0.291036,0.293108,0.293584,0.288992,0.291117,30,"2827, 13801, 50, 174.14"
1,0,"NVIDIA GeForce RTX 5070 Ti",120,70,r-1.0,extent,320000,0.010000,65536,4752,0.036255,8,65536,A5-triton,allocate,0.502640,0.504796,0.505244,0.499068,0.502662,30,"2827, 13801, 50, 174.14"
1,0,"NVIDIA GeForce RTX 5070 Ti",120,70,r-1.0,extent,320000,0.010000,65536,4752,0.036255,8,65536,A5-triton,update,0.347880,0.350112,0.350692,0.344036,0.347750,30,"2827, 13801, 50, 174.14"
1,0,"NVIDIA GeForce RTX 5070 Ti",120,70,r-2.0,extent,320000,0.010000,131072,18160,0.069275,8,65536,A3-cuda,allocate,0.044704,0.045336,0.045508,0.044388,0.044760,30,"2827, 13801, 49, 170.87"
1,0,"NVIDIA GeForce RTX 5070 Ti",120,70,r-2.0,extent,320000,0.010000,131072,18160,0.069275,8,65536,A3-cuda,update,0.619488,0.620928,0.621064,0.618108,0.619545,30,"2827, 13801, 49, 170.87"
1,0,"NVIDIA GeForce RTX 5070 Ti",120,70,r-2.0,extent,320000,0.010000,131072,18160,0.069275,8,65536,A4-rust,allocate,0.051872,0.052544,0.052656,0.051076,0.051845,30,"2827, 13801, 49, 170.87"
1,0,"NVIDIA GeForce RTX 5070 Ti",120,70,r-2.0,extent,320000,0.010000,131072,18160,0.069275,8,65536,A4-rust,update,0.596072,0.597304,0.598376,0.593276,0.595731,30,"2827, 13801, 49, 170.87"
1,0,"NVIDIA GeForce RTX 5070 Ti",120,70,r-2.0,extent,320000,0.010000,131072,18160,0.069275,8,65536,A5-triton,allocate,0.507684,0.510144,0.510876,0.503420,0.507555,30,"2827, 13801, 49, 170.87"
1,0,"NVIDIA GeForce RTX 5070 Ti",120,70,r-2.0,extent,320000,0.010000,131072,18160,0.069275,8,65536,A5-triton,update,0.773868,0.777960,0.778928,0.770000,0.773928,30,"2827, 13801, 49, 170.87"
1,0,"NVIDIA GeForce RTX 5070 Ti",120,70,lf-sparse,loadfactor,320000,0.010000,18560,1160,0.017700,8,65536,A3-cuda,allocate,0.028428,0.029460,0.029500,0.028060,0.028587,30,"2827, 13801, 52, 164.21"
1,0,"NVIDIA GeForce RTX 5070 Ti",120,70,lf-sparse,loadfactor,320000,0.010000,18560,1160,0.017700,8,65536,A3-cuda,update,0.253872,0.257380,0.258452,0.249424,0.253939,30,"2827, 13801, 52, 164.21"
1,0,"NVIDIA GeForce RTX 5070 Ti",120,70,lf-sparse,loadfactor,320000,0.010000,18560,1160,0.017700,8,65536,A4-rust,allocate,0.042664,0.043248,0.043572,0.041684,0.042548,30,"2827, 13801, 52, 164.21"
1,0,"NVIDIA GeForce RTX 5070 Ti",120,70,lf-sparse,loadfactor,320000,0.010000,18560,1160,0.017700,8,65536,A4-rust,update,0.274384,0.278520,0.278696,0.268792,0.274394,30,"2827, 13801, 52, 164.21"
1,0,"NVIDIA GeForce RTX 5070 Ti",120,70,lf-sparse,loadfactor,320000,0.010000,18560,1160,0.017700,8,65536,A5-triton,allocate,0.505528,0.507412,0.508528,0.501696,0.505034,30,"2827, 13801, 52, 164.21"
1,0,"NVIDIA GeForce RTX 5070 Ti",120,70,lf-sparse,loadfactor,320000,0.010000,18560,1160,0.017700,8,65536,A5-triton,update,0.331248,0.334060,0.334824,0.327808,0.331055,30,"2827, 13801, 52, 164.21"
1,0,"NVIDIA GeForce RTX 5070 Ti",120,70,plane-320k,shape,320356,0.010000,16384,1060,0.032349,8,65536,A3-cuda,allocate,0.029404,0.029540,0.029584,0.028208,0.028989,30,"2827, 13801, 52, 160.02"
1,0,"NVIDIA GeForce RTX 5070 Ti",120,70,plane-320k,shape,320356,0.010000,16384,1060,0.032349,8,65536,A3-cuda,update,0.333588,0.335264,0.335332,0.329504,0.333046,30,"2827, 13801, 52, 160.02"
1,0,"NVIDIA GeForce RTX 5070 Ti",120,70,plane-320k,shape,320356,0.010000,16384,1060,0.032349,8,65536,A4-rust,allocate,0.035476,0.035824,0.036028,0.034800,0.035449,30,"2827, 13801, 52, 160.02"
1,0,"NVIDIA GeForce RTX 5070 Ti",120,70,plane-320k,shape,320356,0.010000,16384,1060,0.032349,8,65536,A4-rust,update,0.344064,0.345904,0.347436,0.342260,0.344292,30,"2827, 13801, 52, 160.02"
1,0,"NVIDIA GeForce RTX 5070 Ti",120,70,plane-320k,shape,320356,0.010000,16384,1060,0.032349,8,65536,A5-triton,allocate,0.501748,0.503548,0.504924,0.498884,0.501744,30,"2827, 13801, 52, 160.02"
1,0,"NVIDIA GeForce RTX 5070 Ti",120,70,plane-320k,shape,320356,0.010000,16384,1060,0.032349,8,65536,A5-triton,update,0.374532,0.377212,0.378260,0.371720,0.374473,30,"2827, 13801, 52, 160.02"
1,0,"NVIDIA GeForce RTX 5070 Ti",120,70,tartan-cold,real,407444,0.010000,65536,10245,0.078163,8,65536,A3-cuda,allocate,0.037260,0.037752,0.038104,0.036928,0.037278,30,"2827, 13801, 52, 180.72"
1,0,"NVIDIA GeForce RTX 5070 Ti",120,70,tartan-cold,real,407444,0.010000,65536,10245,0.078163,8,65536,A3-cuda,update,0.435560,0.436880,0.438156,0.432656,0.435702,30,"2827, 13801, 52, 180.72"
1,0,"NVIDIA GeForce RTX 5070 Ti",120,70,tartan-cold,real,407444,0.010000,65536,10245,0.078163,8,65536,A4-rust,allocate,0.045756,0.046124,0.046196,0.045516,0.045812,30,"2827, 13801, 52, 180.72"
1,0,"NVIDIA GeForce RTX 5070 Ti",120,70,tartan-cold,real,407444,0.010000,65536,10245,0.078163,8,65536,A4-rust,update,0.440532,0.442980,0.443344,0.438724,0.440790,30,"2827, 13801, 52, 180.72"
1,0,"NVIDIA GeForce RTX 5070 Ti",120,70,tartan-cold,real,407444,0.010000,65536,10245,0.078163,8,65536,A5-triton,allocate,0.663264,0.666912,0.668276,0.659536,0.663046,30,"2827, 13801, 52, 180.72"
1,0,"NVIDIA GeForce RTX 5070 Ti",120,70,tartan-cold,real,407444,0.010000,65536,10245,0.078163,8,65536,A5-triton,update,0.551396,0.552792,0.553032,0.550000,0.551353,30,"2827, 13801, 52, 180.72"
1,0,"NVIDIA GeForce RTX 5070 Ti",120,70,tartan-warm,real,407444,0.010000,65536,14332,0.109344,8,65536,A3-cuda,allocate,0.023216,0.023496,0.023508,0.022880,0.023222,30,"2820, 13801, 54, 196.52"
1,0,"NVIDIA GeForce RTX 5070 Ti",120,70,tartan-warm,real,407444,0.010000,65536,14332,0.109344,8,65536,A3-cuda,update,0.364576,0.366188,0.369028,0.362932,0.364883,30,"2820, 13801, 54, 196.52"
1,0,"NVIDIA GeForce RTX 5070 Ti",120,70,tartan-warm,real,407444,0.010000,65536,14332,0.109344,8,65536,A4-rust,allocate,0.028644,0.028888,0.028940,0.027908,0.028635,30,"2820, 13801, 54, 196.52"
1,0,"NVIDIA GeForce RTX 5070 Ti",120,70,tartan-warm,real,407444,0.010000,65536,14332,0.109344,8,65536,A4-rust,update,0.366816,0.368352,0.368888,0.364496,0.366831,30,"2820, 13801, 54, 196.52"
1,0,"NVIDIA GeForce RTX 5070 Ti",120,70,tartan-warm,real,407444,0.010000,65536,14332,0.109344,8,65536,A5-triton,allocate,0.663032,0.665320,0.665876,0.659796,0.662591,30,"2820, 13801, 54, 196.52"
1,0,"NVIDIA GeForce RTX 5070 Ti",120,70,tartan-warm,real,407444,0.010000,65536,14332,0.109344,8,65536,A5-triton,update,0.469932,0.475072,0.476884,0.467696,0.470525,30,"2820, 13801, 54, 196.52"
1,1,"NVIDIA GeForce RTX 5060",120,30,base,baseline,320000,0.010000,16384,1160,0.035400,8,65536,A3-cuda,allocate,0.053716,0.054388,0.054392,0.053052,0.053707,30,"2797, 13801, 40, 76.29"
1,1,"NVIDIA GeForce RTX 5060",120,30,base,baseline,320000,0.010000,16384,1160,0.035400,8,65536,A3-cuda,update,0.456508,0.458576,0.459484,0.452436,0.456172,30,"2797, 13801, 40, 76.29"
1,1,"NVIDIA GeForce RTX 5060",120,30,base,baseline,320000,0.010000,16384,1160,0.035400,8,65536,A4-rust,allocate,0.063008,0.063640,0.063744,0.062108,0.063011,30,"2797, 13801, 40, 76.29"
1,1,"NVIDIA GeForce RTX 5060",120,30,base,baseline,320000,0.010000,16384,1160,0.035400,8,65536,A4-rust,update,0.474012,0.477728,0.478288,0.469520,0.473885,30,"2797, 13801, 40, 76.29"
1,1,"NVIDIA GeForce RTX 5060",120,30,base,baseline,320000,0.010000,16384,1160,0.035400,8,65536,A5-triton,allocate,0.962188,0.964092,0.965416,0.959392,0.962187,30,"2797, 13801, 40, 76.29"
1,1,"NVIDIA GeForce RTX 5060",120,30,base,baseline,320000,0.010000,16384,1160,0.035400,8,65536,A5-triton,update,0.558408,0.560692,0.561400,0.555976,0.558504,30,"2797, 13801, 40, 76.29"
1,1,"NVIDIA GeForce RTX 5060",120,30,pts-20k,points,20000,0.010000,16384,1104,0.033691,8,65536,A3-cuda,allocate,0.008304,0.008784,0.008880,0.007988,0.008346,30,"2797, 13801, 38, 62.98"
1,1,"NVIDIA GeForce RTX 5060",120,30,pts-20k,points,20000,0.010000,16384,1104,0.033691,8,65536,A3-cuda,update,0.063904,0.065000,0.065556,0.062612,0.063813,30,"2797, 13801, 38, 62.98"
1,1,"NVIDIA GeForce RTX 5060",120,30,pts-20k,points,20000,0.010000,16384,1104,0.033691,8,65536,A4-rust,allocate,0.018544,0.018916,0.018984,0.018152,0.018568,30,"2797, 13801, 38, 62.98"
1,1,"NVIDIA GeForce RTX 5060",120,30,pts-20k,points,20000,0.010000,16384,1104,0.033691,8,65536,A4-rust,update,0.064040,0.064776,0.065044,0.062984,0.064008,30,"2797, 13801, 38, 62.98"
1,1,"NVIDIA GeForce RTX 5060",120,30,pts-20k,points,20000,0.010000,16384,1104,0.033691,8,65536,A5-triton,allocate,0.094584,0.095152,0.095216,0.093788,0.094580,30,"2797, 13801, 38, 62.98"
1,1,"NVIDIA GeForce RTX 5060",120,30,pts-20k,points,20000,0.010000,16384,1104,0.033691,8,65536,A5-triton,update,0.099624,0.100428,0.100560,0.099072,0.099711,30,"2797, 13801, 38, 62.98"
1,1,"NVIDIA GeForce RTX 5060",120,30,pts-80k,points,80000,0.010000,16384,1160,0.035400,8,65536,A3-cuda,allocate,0.019052,0.019348,0.019780,0.018532,0.019016,30,"2797, 13801, 39, 62.65"
1,1,"NVIDIA GeForce RTX 5060",120,30,pts-80k,points,80000,0.010000,16384,1160,0.035400,8,65536,A3-cuda,update,0.131228,0.132224,0.132972,0.129132,0.131207,30,"2797, 13801, 39, 62.65"
1,1,"NVIDIA GeForce RTX 5060",120,30,pts-80k,points,80000,0.010000,16384,1160,0.035400,8,65536,A4-rust,allocate,0.025152,0.025548,0.025552,0.024640,0.025121,30,"2797, 13801, 39, 62.65"
1,1,"NVIDIA GeForce RTX 5060",120,30,pts-80k,points,80000,0.010000,16384,1160,0.035400,8,65536,A4-rust,update,0.141464,0.142360,0.142476,0.140056,0.141335,30,"2797, 13801, 39, 62.65"
1,1,"NVIDIA GeForce RTX 5060",120,30,pts-80k,points,80000,0.010000,16384,1160,0.035400,8,65536,A5-triton,allocate,0.309692,0.316520,0.316652,0.299092,0.309126,30,"2797, 13801, 39, 62.65"
1,1,"NVIDIA GeForce RTX 5060",120,30,pts-80k,points,80000,0.010000,16384,1160,0.035400,8,65536,A5-triton,update,0.190364,0.191664,0.192032,0.188932,0.190334,30,"2797, 13801, 39, 62.65"
1,1,"NVIDIA GeForce RTX 5060",120,30,pts-720k,points,720000,0.010000,16384,1160,0.035400,8,65536,A3-cuda,allocate,0.101912,0.102824,0.103152,0.100856,0.101895,30,"2797, 13801, 43, 81.81"
1,1,"NVIDIA GeForce RTX 5060",120,30,pts-720k,points,720000,0.010000,16384,1160,0.035400,8,65536,A3-cuda,update,0.960884,0.967260,0.968556,0.956400,0.961070,30,"2797, 13801, 43, 81.81"
1,1,"NVIDIA GeForce RTX 5060",120,30,pts-720k,points,720000,0.010000,16384,1160,0.035400,8,65536,A4-rust,allocate,0.115700,0.116488,0.116524,0.113984,0.115575,30,"2797, 13801, 43, 81.81"
1,1,"NVIDIA GeForce RTX 5060",120,30,pts-720k,points,720000,0.010000,16384,1160,0.035400,8,65536,A4-rust,update,0.979228,0.985432,0.985680,0.972160,0.979675,30,"2797, 13801, 43, 81.81"
1,1,"NVIDIA GeForce RTX 5060",120,30,pts-720k,points,720000,0.010000,16384,1160,0.035400,8,65536,A5-triton,allocate,2.142268,2.144820,2.145264,2.140548,2.142564,30,"2797, 13801, 43, 81.81"
1,1,"NVIDIA GeForce RTX 5060",120,30,pts-720k,points,720000,0.010000,16384,1160,0.035400,8,65536,A5-triton,update,1.141036,1.144288,1.144852,1.135932,1.140879,30,"2797, 13801, 43, 81.81"
1,1,"NVIDIA GeForce RTX 5060",120,30,pts-1280k,points,1280000,0.010000,16384,1160,0.035400,8,65536,A3-cuda,allocate,0.167664,0.169088,0.169764,0.166544,0.167621,30,"2782, 13801, 45, 86.02"
1,1,"NVIDIA GeForce RTX 5060",120,30,pts-1280k,points,1280000,0.010000,16384,1160,0.035400,8,65536,A3-cuda,update,1.538132,1.544288,1.547372,1.529088,1.537876,30,"2782, 13801, 45, 86.02"
1,1,"NVIDIA GeForce RTX 5060",120,30,pts-1280k,points,1280000,0.010000,16384,1160,0.035400,8,65536,A4-rust,allocate,0.185796,0.188000,0.188348,0.183876,0.186047,30,"2782, 13801, 45, 86.02"
1,1,"NVIDIA GeForce RTX 5060",120,30,pts-1280k,points,1280000,0.010000,16384,1160,0.035400,8,65536,A4-rust,update,1.542840,1.549728,1.551012,1.535368,1.542670,30,"2782, 13801, 45, 86.02"
1,1,"NVIDIA GeForce RTX 5060",120,30,pts-1280k,points,1280000,0.010000,16384,1160,0.035400,8,65536,A5-triton,allocate,3.837048,3.842324,3.844772,3.829648,3.837044,30,"2782, 13801, 45, 86.02"
1,1,"NVIDIA GeForce RTX 5060",120,30,pts-1280k,points,1280000,0.010000,16384,1160,0.035400,8,65536,A5-triton,update,1.849036,1.854128,1.855164,1.844372,1.848783,30,"2782, 13801, 45, 86.02"
1,1,"NVIDIA GeForce RTX 5060",120,30,r-0.25,extent,320000,0.010000,16384,280,0.008545,8,65536,A3-cuda,allocate,0.044696,0.044948,0.044964,0.043540,0.044415,30,"2797, 13801, 43, 75.16"
1,1,"NVIDIA GeForce RTX 5060",120,30,r-0.25,extent,320000,0.010000,16384,280,0.008545,8,65536,A3-cuda,update,0.411888,0.415464,0.415560,0.407648,0.412025,30,"2797, 13801, 43, 75.16"
1,1,"NVIDIA GeForce RTX 5060",120,30,r-0.25,extent,320000,0.010000,16384,280,0.008545,8,65536,A4-rust,allocate,0.057500,0.058148,0.058632,0.056112,0.057447,30,"2797, 13801, 43, 75.16"
1,1,"NVIDIA GeForce RTX 5060",120,30,r-0.25,extent,320000,0.010000,16384,280,0.008545,8,65536,A4-rust,update,0.437400,0.441268,0.444548,0.431996,0.437759,30,"2797, 13801, 43, 75.16"
1,1,"NVIDIA GeForce RTX 5060",120,30,r-0.25,extent,320000,0.010000,16384,280,0.008545,8,65536,A5-triton,allocate,0.964776,0.966908,0.967268,0.961528,0.964447,30,"2797, 13801, 43, 75.16"
1,1,"NVIDIA GeForce RTX 5060",120,30,r-0.25,extent,320000,0.010000,16384,280,0.008545,8,65536,A5-triton,update,0.506096,0.508832,0.508900,0.504044,0.506251,30,"2797, 13801, 43, 75.16"
1,1,"NVIDIA GeForce RTX 5060",120,30,r-1.0,extent,320000,0.010000,65536,4752,0.036255,8,65536,A3-cuda,allocate,0.061648,0.062072,0.062204,0.060684,0.061492,30,"2797, 13801, 43, 70.59"
1,1,"NVIDIA GeForce RTX 5060",120,30,r-1.0,extent,320000,0.010000,65536,4752,0.036255,8,65536,A3-cuda,update,0.522716,0.525928,0.527476,0.521152,0.522824,30,"2797, 13801, 43, 70.59"
1,1,"NVIDIA GeForce RTX 5060",120,30,r-1.0,extent,320000,0.010000,65536,4752,0.036255,8,65536,A4-rust,allocate,0.069016,0.069332,0.069360,0.068436,0.068996,30,"2797, 13801, 43, 70.59"
1,1,"NVIDIA GeForce RTX 5060",120,30,r-1.0,extent,320000,0.010000,65536,4752,0.036255,8,65536,A4-rust,update,0.532232,0.534824,0.535532,0.529436,0.532117,30,"2797, 13801, 43, 70.59"
1,1,"NVIDIA GeForce RTX 5060",120,30,r-1.0,extent,320000,0.010000,65536,4752,0.036255,8,65536,A5-triton,allocate,0.965116,0.966676,0.967284,0.962988,0.965088,30,"2797, 13801, 43, 70.59"
1,1,"NVIDIA GeForce RTX 5060",120,30,r-1.0,extent,320000,0.010000,65536,4752,0.036255,8,65536,A5-triton,update,0.650800,0.652612,0.652620,0.648660,0.650893,30,"2797, 13801, 43, 70.59"
1,1,"NVIDIA GeForce RTX 5060",120,30,r-2.0,extent,320000,0.010000,131072,18160,0.069275,4,65536,A3-cuda,allocate,0.088008,0.088624,0.088648,0.086272,0.087713,30,"2805, 13801, 42, 68.38"
1,1,"NVIDIA GeForce RTX 5060",120,30,r-2.0,extent,320000,0.010000,131072,18160,0.069275,4,65536,A3-cuda,update,1.178352,1.182184,1.184512,1.175280,1.178435,30,"2805, 13801, 42, 68.38"
1,1,"NVIDIA GeForce RTX 5060",120,30,r-2.0,extent,320000,0.010000,131072,18160,0.069275,4,65536,A4-rust,allocate,0.089232,0.089680,0.090464,0.087992,0.089170,30,"2805, 13801, 42, 68.38"
1,1,"NVIDIA GeForce RTX 5060",120,30,r-2.0,extent,320000,0.010000,131072,18160,0.069275,4,65536,A4-rust,update,1.155632,1.159736,1.159736,1.151024,1.155391,30,"2805, 13801, 42, 68.38"
1,1,"NVIDIA GeForce RTX 5060",120,30,r-2.0,extent,320000,0.010000,131072,18160,0.069275,4,65536,A5-triton,allocate,0.979368,0.983040,0.983088,0.975664,0.979223,30,"2805, 13801, 42, 68.38"
1,1,"NVIDIA GeForce RTX 5060",120,30,r-2.0,extent,320000,0.010000,131072,18160,0.069275,4,65536,A5-triton,update,1.698680,1.704904,1.706320,1.690528,1.698807,30,"2805, 13801, 42, 68.38"
1,1,"NVIDIA GeForce RTX 5060",120,30,lf-sparse,loadfactor,320000,0.010000,18560,1160,0.017700,8,65536,A3-cuda,allocate,0.050476,0.051144,0.051272,0.049792,0.050530,30,"2790, 13801, 44, 70.20"
1,1,"NVIDIA GeForce RTX 5060",120,30,lf-sparse,loadfactor,320000,0.010000,18560,1160,0.017700,8,65536,A3-cuda,update,0.458428,0.462708,0.463096,0.455144,0.458589,30,"2790, 13801, 44, 70.20"
1,1,"NVIDIA GeForce RTX 5060",120,30,lf-sparse,loadfactor,320000,0.010000,18560,1160,0.017700,8,65536,A4-rust,allocate,0.059168,0.059668,0.059824,0.058460,0.059120,30,"2790, 13801, 44, 70.20"
1,1,"NVIDIA GeForce RTX 5060",120,30,lf-sparse,loadfactor,320000,0.010000,18560,1160,0.017700,8,65536,A4-rust,update,0.476528,0.480672,0.481180,0.472448,0.476823,30,"2790, 13801, 44, 70.20"
1,1,"NVIDIA GeForce RTX 5060",120,30,lf-sparse,loadfactor,320000,0.010000,18560,1160,0.017700,8,65536,A5-triton,allocate,0.962956,0.965300,0.966016,0.958640,0.962721,30,"2790, 13801, 44, 70.20"
1,1,"NVIDIA GeForce RTX 5060",120,30,lf-sparse,loadfactor,320000,0.010000,18560,1160,0.017700,8,65536,A5-triton,update,0.562460,0.564100,0.565580,0.559116,0.562103,30,"2790, 13801, 44, 70.20"
1,1,"NVIDIA GeForce RTX 5060",120,30,plane-320k,shape,320356,0.010000,16384,1060,0.032349,8,65536,A3-cuda,allocate,0.053220,0.054036,0.054536,0.052872,0.053338,30,"2790, 13801, 46, 75.42"
1,1,"NVIDIA GeForce RTX 5060",120,30,plane-320k,shape,320356,0.010000,16384,1060,0.032349,8,65536,A3-cuda,update,0.618656,0.620940,0.621032,0.611800,0.618562,30,"2790, 13801, 46, 75.42"
1,1,"NVIDIA GeForce RTX 5060",120,30,plane-320k,shape,320356,0.010000,16384,1060,0.032349,8,65536,A4-rust,allocate,0.058484,0.058964,0.059072,0.057828,0.058483,30,"2790, 13801, 46, 75.42"
1,1,"NVIDIA GeForce RTX 5060",120,30,plane-320k,shape,320356,0.010000,16384,1060,0.032349,8,65536,A4-rust,update,0.626208,0.629776,0.630064,0.619760,0.626161,30,"2790, 13801, 46, 75.42"
1,1,"NVIDIA GeForce RTX 5060",120,30,plane-320k,shape,320356,0.010000,16384,1060,0.032349,8,65536,A5-triton,allocate,0.963840,0.965360,0.965584,0.962032,0.963844,30,"2790, 13801, 46, 75.42"
1,1,"NVIDIA GeForce RTX 5060",120,30,plane-320k,shape,320356,0.010000,16384,1060,0.032349,8,65536,A5-triton,update,0.697932,0.702232,0.702484,0.696116,0.698456,30,"2790, 13801, 46, 75.42"
1,1,"NVIDIA GeForce RTX 5060",120,30,tartan-cold,real,407444,0.010000,65536,10245,0.078163,8,65536,A3-cuda,allocate,0.070984,0.071324,0.071380,0.070584,0.070987,30,"2790, 13801, 47, 74.21"
1,1,"NVIDIA GeForce RTX 5060",120,30,tartan-cold,real,407444,0.010000,65536,10245,0.078163,8,65536,A3-cuda,update,0.833128,0.834792,0.835008,0.831340,0.833239,30,"2790, 13801, 47, 74.21"
1,1,"NVIDIA GeForce RTX 5060",120,30,tartan-cold,real,407444,0.010000,65536,10245,0.078163,8,65536,A4-rust,allocate,0.080620,0.080956,0.080968,0.080136,0.080611,30,"2790, 13801, 47, 74.21"
1,1,"NVIDIA GeForce RTX 5060",120,30,tartan-cold,real,407444,0.010000,65536,10245,0.078163,8,65536,A4-rust,update,0.834400,0.836000,0.836220,0.831336,0.834283,30,"2790, 13801, 47, 74.21"
1,1,"NVIDIA GeForce RTX 5060",120,30,tartan-cold,real,407444,0.010000,65536,10245,0.078163,8,65536,A5-triton,allocate,1.223556,1.226052,1.227032,1.220436,1.223612,30,"2790, 13801, 47, 74.21"
1,1,"NVIDIA GeForce RTX 5060",120,30,tartan-cold,real,407444,0.010000,65536,10245,0.078163,8,65536,A5-triton,update,1.107772,1.110576,1.111664,1.103664,1.107424,30,"2790, 13801, 47, 74.21"
1,1,"NVIDIA GeForce RTX 5060",120,30,tartan-warm,real,407444,0.010000,65536,14332,0.109344,8,65536,A3-cuda,allocate,0.051388,0.051740,0.052200,0.051208,0.051416,30,"2790, 13801, 50, 90.94"
1,1,"NVIDIA GeForce RTX 5060",120,30,tartan-warm,real,407444,0.010000,65536,14332,0.109344,8,65536,A3-cuda,update,0.710260,0.713564,0.713592,0.708344,0.710469,30,"2790, 13801, 50, 90.94"
1,1,"NVIDIA GeForce RTX 5060",120,30,tartan-warm,real,407444,0.010000,65536,14332,0.109344,8,65536,A4-rust,allocate,0.057864,0.058068,0.058084,0.057664,0.057871,30,"2790, 13801, 50, 90.94"
1,1,"NVIDIA GeForce RTX 5060",120,30,tartan-warm,real,407444,0.010000,65536,14332,0.109344,8,65536,A4-rust,update,0.708852,0.711464,0.711692,0.707308,0.709099,30,"2790, 13801, 50, 90.94"
1,1,"NVIDIA GeForce RTX 5060",120,30,tartan-warm,real,407444,0.010000,65536,14332,0.109344,8,65536,A5-triton,allocate,1.219964,1.223708,1.225752,1.217692,1.220136,30,"2790, 13801, 50, 90.94"
1,1,"NVIDIA GeForce RTX 5060",120,30,tartan-warm,real,407444,0.010000,65536,14332,0.109344,8,65536,A5-triton,update,1.005984,1.010116,1.010852,1.000104,1.005542,30,"2790, 13801, 50, 90.94"
2,0,"NVIDIA GeForce RTX 5070 Ti",120,70,base,baseline,320000,0.010000,16384,1160,0.035400,8,65536,A3-cuda,allocate,0.027952,0.028308,0.028460,0.027356,0.027936,30,"2827, 13801, 48, 110.17"
2,0,"NVIDIA GeForce RTX 5070 Ti",120,70,base,baseline,320000,0.010000,16384,1160,0.035400,8,65536,A3-cuda,update,0.250108,0.251904,0.252600,0.247096,0.249917,30,"2827, 13801, 48, 110.17"
2,0,"NVIDIA GeForce RTX 5070 Ti",120,70,base,baseline,320000,0.010000,16384,1160,0.035400,8,65536,A4-rust,allocate,0.037128,0.037572,0.037868,0.036376,0.037075,30,"2827, 13801, 48, 110.17"
2,0,"NVIDIA GeForce RTX 5070 Ti",120,70,base,baseline,320000,0.010000,16384,1160,0.035400,8,65536,A4-rust,update,0.270572,0.273180,0.274648,0.267572,0.270549,30,"2827, 13801, 48, 110.17"
2,0,"NVIDIA GeForce RTX 5070 Ti",120,70,base,baseline,320000,0.010000,16384,1160,0.035400,8,65536,A5-triton,allocate,0.500892,0.502328,0.502476,0.497692,0.500362,30,"2827, 13801, 48, 110.17"
2,0,"NVIDIA GeForce RTX 5070 Ti",120,70,base,baseline,320000,0.010000,16384,1160,0.035400,8,65536,A5-triton,update,0.327100,0.330016,0.332460,0.324116,0.327140,30,"2827, 13801, 48, 110.17"
2,0,"NVIDIA GeForce RTX 5070 Ti",120,70,pts-20k,points,20000,0.010000,16384,1104,0.033691,8,65536,A3-cuda,allocate,0.005008,0.005180,0.005236,0.004848,0.005008,30,"2827, 13801, 46, 144.60"
2,0,"NVIDIA GeForce RTX 5070 Ti",120,70,pts-20k,points,20000,0.010000,16384,1104,0.033691,8,65536,A3-cuda,update,0.034448,0.035016,0.035156,0.033956,0.034484,30,"2827, 13801, 46, 144.60"
2,0,"NVIDIA GeForce RTX 5070 Ti",120,70,pts-20k,points,20000,0.010000,16384,1104,0.033691,8,65536,A4-rust,allocate,0.016648,0.016900,0.017164,0.016332,0.016688,30,"2827, 13801, 46, 144.60"
2,0,"NVIDIA GeForce RTX 5070 Ti",120,70,pts-20k,points,20000,0.010000,16384,1104,0.033691,8,65536,A4-rust,update,0.041188,0.041604,0.041776,0.040160,0.041038,30,"2827, 13801, 46, 144.60"
2,0,"NVIDIA GeForce RTX 5070 Ti",120,70,pts-20k,points,20000,0.010000,16384,1104,0.033691,8,65536,A5-triton,allocate,0.085628,0.086212,0.086448,0.084888,0.085643,30,"2827, 13801, 46, 144.60"
2,0,"NVIDIA GeForce RTX 5070 Ti",120,70,pts-20k,points,20000,0.010000,16384,1104,0.033691,8,65536,A5-triton,update,0.088192,0.088484,0.088600,0.087676,0.088163,30,"2827, 13801, 46, 144.60"
2,0,"NVIDIA GeForce RTX 5070 Ti",120,70,pts-80k,points,80000,0.010000,16384,1160,0.035400,8,65536,A3-cuda,allocate,0.010508,0.011300,0.011356,0.010184,0.010629,30,"2827, 13801, 47, 152.40"
2,0,"NVIDIA GeForce RTX 5070 Ti",120,70,pts-80k,points,80000,0.010000,16384,1160,0.035400,8,65536,A3-cuda,update,0.069824,0.070828,0.070968,0.068536,0.069773,30,"2827, 13801, 47, 152.40"
2,0,"NVIDIA GeForce RTX 5070 Ti",120,70,pts-80k,points,80000,0.010000,16384,1160,0.035400,8,65536,A4-rust,allocate,0.017844,0.018268,0.018428,0.016916,0.017777,30,"2827, 13801, 47, 152.40"
2,0,"NVIDIA GeForce RTX 5070 Ti",120,70,pts-80k,points,80000,0.010000,16384,1160,0.035400,8,65536,A4-rust,update,0.082144,0.083452,0.083916,0.080236,0.081986,30,"2827, 13801, 47, 152.40"
2,0,"NVIDIA GeForce RTX 5070 Ti",120,70,pts-80k,points,80000,0.010000,16384,1160,0.035400,8,65536,A5-triton,allocate,0.149448,0.149756,0.149788,0.148704,0.149376,30,"2827, 13801, 47, 152.40"
2,0,"NVIDIA GeForce RTX 5070 Ti",120,70,pts-80k,points,80000,0.010000,16384,1160,0.035400,8,65536,A5-triton,update,0.118396,0.119684,0.120052,0.116964,0.118338,30,"2827, 13801, 47, 152.40"
2,0,"NVIDIA GeForce RTX 5070 Ti",120,70,pts-720k,points,720000,0.010000,16384,1160,0.035400,8,65536,A3-cuda,allocate,0.051696,0.052768,0.052804,0.050828,0.051763,30,"2827, 13801, 49, 164.68"
2,0,"NVIDIA GeForce RTX 5070 Ti",120,70,pts-720k,points,720000,0.010000,16384,1160,0.035400,8,65536,A3-cuda,update,0.542728,0.547060,0.547568,0.538976,0.542531,30,"2827, 13801, 49, 164.68"
2,0,"NVIDIA GeForce RTX 5070 Ti",120,70,pts-720k,points,720000,0.010000,16384,1160,0.035400,8,65536,A4-rust,allocate,0.063044,0.063760,0.063988,0.062132,0.063048,30,"2827, 13801, 49, 164.68"
2,0,"NVIDIA GeForce RTX 5070 Ti",120,70,pts-720k,points,720000,0.010000,16384,1160,0.035400,8,65536,A4-rust,update,0.564348,0.569616,0.570236,0.559448,0.564441,30,"2827, 13801, 49, 164.68"
2,0,"NVIDIA GeForce RTX 5070 Ti",120,70,pts-720k,points,720000,0.010000,16384,1160,0.035400,8,65536,A5-triton,allocate,1.126464,1.132620,1.134376,1.118492,1.126593,30,"2827, 13801, 49, 164.68"
2,0,"NVIDIA GeForce RTX 5070 Ti",120,70,pts-720k,points,720000,0.010000,16384,1160,0.035400,8,65536,A5-triton,update,0.640248,0.643436,0.643676,0.636664,0.640500,30,"2827, 13801, 49, 164.68"
2,0,"NVIDIA GeForce RTX 5070 Ti",120,70,pts-1280k,points,1280000,0.010000,16384,1160,0.035400,8,65536,A3-cuda,allocate,0.078736,0.080108,0.080256,0.078452,0.078988,30,"2827, 13801, 51, 172.47"
2,0,"NVIDIA GeForce RTX 5070 Ti",120,70,pts-1280k,points,1280000,0.010000,16384,1160,0.035400,8,65536,A3-cuda,update,0.897408,0.900484,0.900728,0.892816,0.897197,30,"2827, 13801, 51, 172.47"
2,0,"NVIDIA GeForce RTX 5070 Ti",120,70,pts-1280k,points,1280000,0.010000,16384,1160,0.035400,8,65536,A4-rust,allocate,0.094764,0.096796,0.097748,0.093692,0.095120,30,"2827, 13801, 51, 172.47"
2,0,"NVIDIA GeForce RTX 5070 Ti",120,70,pts-1280k,points,1280000,0.010000,16384,1160,0.035400,8,65536,A4-rust,update,0.930860,0.936240,0.939024,0.919268,0.930007,30,"2827, 13801, 51, 172.47"
2,0,"NVIDIA GeForce RTX 5070 Ti",120,70,pts-1280k,points,1280000,0.010000,16384,1160,0.035400,8,65536,A5-triton,allocate,1.945044,1.948824,1.951176,1.939332,1.944571,30,"2827, 13801, 51, 172.47"
2,0,"NVIDIA GeForce RTX 5070 Ti",120,70,pts-1280k,points,1280000,0.010000,16384,1160,0.035400,8,65536,A5-triton,update,1.041384,1.048908,1.049456,1.036148,1.041013,30,"2827, 13801, 51, 172.47"
2,0,"NVIDIA GeForce RTX 5070 Ti",120,70,r-0.25,extent,320000,0.010000,16384,280,0.008545,8,65536,A3-cuda,allocate,0.023384,0.024880,0.024956,0.023240,0.023623,30,"2827, 13801, 50, 163.09"
2,0,"NVIDIA GeForce RTX 5070 Ti",120,70,r-0.25,extent,320000,0.010000,16384,280,0.008545,8,65536,A3-cuda,update,0.241592,0.244540,0.244916,0.238520,0.241544,30,"2827, 13801, 50, 163.09"
2,0,"NVIDIA GeForce RTX 5070 Ti",120,70,r-0.25,extent,320000,0.010000,16384,280,0.008545,8,65536,A4-rust,allocate,0.035320,0.036172,0.036360,0.034284,0.035300,30,"2827, 13801, 50, 163.09"
2,0,"NVIDIA GeForce RTX 5070 Ti",120,70,r-0.25,extent,320000,0.010000,16384,280,0.008545,8,65536,A4-rust,update,0.270332,0.275440,0.275496,0.265744,0.270265,30,"2827, 13801, 50, 163.09"
2,0,"NVIDIA GeForce RTX 5070 Ti",120,70,r-0.25,extent,320000,0.010000,16384,280,0.008545,8,65536,A5-triton,allocate,0.501552,0.504320,0.504340,0.497604,0.501218,30,"2827, 13801, 50, 163.09"
2,0,"NVIDIA GeForce RTX 5070 Ti",120,70,r-0.25,extent,320000,0.010000,16384,280,0.008545,8,65536,A5-triton,update,0.307208,0.310748,0.311420,0.304128,0.307221,30,"2827, 13801, 50, 163.09"
2,0,"NVIDIA GeForce RTX 5070 Ti",120,70,r-1.0,extent,320000,0.010000,65536,4752,0.036255,8,65536,A3-cuda,allocate,0.032476,0.032616,0.032632,0.032120,0.032452,30,"2827, 13801, 50, 174.65"
2,0,"NVIDIA GeForce RTX 5070 Ti",120,70,r-1.0,extent,320000,0.010000,65536,4752,0.036255,8,65536,A3-cuda,update,0.278428,0.281400,0.281504,0.275756,0.278226,30,"2827, 13801, 50, 174.65"
2,0,"NVIDIA GeForce RTX 5070 Ti",120,70,r-1.0,extent,320000,0.010000,65536,4752,0.036255,8,65536,A4-rust,allocate,0.041584,0.042016,0.042280,0.040880,0.041578,30,"2827, 13801, 50, 174.65"
2,0,"NVIDIA GeForce RTX 5070 Ti",120,70,r-1.0,extent,320000,0.010000,65536,4752,0.036255,8,65536,A4-rust,update,0.290484,0.292120,0.294376,0.287736,0.290401,30,"2827, 13801, 50, 174.65"
2,0,"NVIDIA GeForce RTX 5070 Ti",120,70,r-1.0,extent,320000,0.010000,65536,4752,0.036255,8,65536,A5-triton,allocate,0.502984,0.505740,0.506012,0.498376,0.502754,30,"2827, 13801, 50, 174.65"
2,0,"NVIDIA GeForce RTX 5070 Ti",120,70,r-1.0,extent,320000,0.010000,65536,4752,0.036255,8,65536,A5-triton,update,0.347496,0.349264,0.352880,0.345048,0.347589,30,"2827, 13801, 50, 174.65"
2,0,"NVIDIA GeForce RTX 5070 Ti",120,70,r-2.0,extent,320000,0.010000,131072,18160,0.069275,8,65536,A3-cuda,allocate,0.044732,0.045544,0.045556,0.044180,0.044760,30,"2827, 13801, 50, 171.11"
2,0,"NVIDIA GeForce RTX 5070 Ti",120,70,r-2.0,extent,320000,0.010000,131072,18160,0.069275,8,65536,A3-cuda,update,0.619488,0.622452,0.622480,0.617784,0.619552,30,"2827, 13801, 50, 171.11"
2,0,"NVIDIA GeForce RTX 5070 Ti",120,70,r-2.0,extent,320000,0.010000,131072,18160,0.069275,8,65536,A4-rust,allocate,0.051636,0.052692,0.052904,0.050912,0.051747,30,"2827, 13801, 50, 171.11"
2,0,"NVIDIA GeForce RTX 5070 Ti",120,70,r-2.0,extent,320000,0.010000,131072,18160,0.069275,8,65536,A4-rust,update,0.595252,0.598140,0.598628,0.593268,0.595306,30,"2827, 13801, 50, 171.11"
2,0,"NVIDIA GeForce RTX 5070 Ti",120,70,r-2.0,extent,320000,0.010000,131072,18160,0.069275,8,65536,A5-triton,allocate,0.507784,0.510720,0.513368,0.504584,0.507776,30,"2827, 13801, 50, 171.11"
2,0,"NVIDIA GeForce RTX 5070 Ti",120,70,r-2.0,extent,320000,0.010000,131072,18160,0.069275,8,65536,A5-triton,update,0.773984,0.776956,0.778472,0.769116,0.774226,30,"2827, 13801, 50, 171.11"
2,0,"NVIDIA GeForce RTX 5070 Ti",120,70,lf-sparse,loadfactor,320000,0.010000,18560,1160,0.017700,8,65536,A3-cuda,allocate,0.028504,0.029500,0.029728,0.027868,0.028631,30,"2827, 13801, 51, 164.01"
2,0,"NVIDIA GeForce RTX 5070 Ti",120,70,lf-sparse,loadfactor,320000,0.010000,18560,1160,0.017700,8,65536,A3-cuda,update,0.254280,0.256832,0.256936,0.252208,0.254694,30,"2827, 13801, 51, 164.01"
2,0,"NVIDIA GeForce RTX 5070 Ti",120,70,lf-sparse,loadfactor,320000,0.010000,18560,1160,0.017700,8,65536,A4-rust,allocate,0.042836,0.043312,0.043372,0.041124,0.042623,30,"2827, 13801, 51, 164.01"
2,0,"NVIDIA GeForce RTX 5070 Ti",120,70,lf-sparse,loadfactor,320000,0.010000,18560,1160,0.017700,8,65536,A4-rust,update,0.274288,0.277296,0.279088,0.270320,0.274473,30,"2827, 13801, 51, 164.01"
2,0,"NVIDIA GeForce RTX 5070 Ti",120,70,lf-sparse,loadfactor,320000,0.010000,18560,1160,0.017700,8,65536,A5-triton,allocate,0.504900,0.506852,0.507636,0.501148,0.504746,30,"2827, 13801, 51, 164.01"
2,0,"NVIDIA GeForce RTX 5070 Ti",120,70,lf-sparse,loadfactor,320000,0.010000,18560,1160,0.017700,8,65536,A5-triton,update,0.331900,0.334308,0.334832,0.328848,0.331648,30,"2827, 13801, 51, 164.01"
2,0,"NVIDIA GeForce RTX 5070 Ti",120,70,plane-320k,shape,320356,0.010000,16384,1060,0.032349,8,65536,A3-cuda,allocate,0.029376,0.029560,0.029576,0.028144,0.028926,30,"2827, 13801, 51, 160.05"
2,0,"NVIDIA GeForce RTX 5070 Ti",120,70,plane-320k,shape,320356,0.010000,16384,1060,0.032349,8,65536,A3-cuda,update,0.334116,0.336624,0.336676,0.330488,0.333772,30,"2827, 13801, 51, 160.05"
2,0,"NVIDIA GeForce RTX 5070 Ti",120,70,plane-320k,shape,320356,0.010000,16384,1060,0.032349,8,65536,A4-rust,allocate,0.035476,0.035860,0.035860,0.035044,0.035497,30,"2827, 13801, 51, 160.05"
2,0,"NVIDIA GeForce RTX 5070 Ti",120,70,plane-320k,shape,320356,0.010000,16384,1060,0.032349,8,65536,A4-rust,update,0.343596,0.346408,0.347376,0.340408,0.343637,30,"2827, 13801, 51, 160.05"
2,0,"NVIDIA GeForce RTX 5070 Ti",120,70,plane-320k,shape,320356,0.010000,16384,1060,0.032349,8,65536,A5-triton,allocate,0.502172,0.503912,0.504556,0.498396,0.501796,30,"2827, 13801, 51, 160.05"
2,0,"NVIDIA GeForce RTX 5070 Ti",120,70,plane-320k,shape,320356,0.010000,16384,1060,0.032349,8,65536,A5-triton,update,0.375312,0.377624,0.378892,0.371924,0.375234,30,"2827, 13801, 51, 160.05"
2,0,"NVIDIA GeForce RTX 5070 Ti",120,70,tartan-cold,real,407444,0.010000,65536,10245,0.078163,8,65536,A3-cuda,allocate,0.037304,0.037856,0.037940,0.036984,0.037320,30,"2827, 13801, 51, 178.03"
2,0,"NVIDIA GeForce RTX 5070 Ti",120,70,tartan-cold,real,407444,0.010000,65536,10245,0.078163,8,65536,A3-cuda,update,0.435340,0.436988,0.438024,0.432248,0.435490,30,"2827, 13801, 51, 178.03"
2,0,"NVIDIA GeForce RTX 5070 Ti",120,70,tartan-cold,real,407444,0.010000,65536,10245,0.078163,8,65536,A4-rust,allocate,0.045928,0.046320,0.046892,0.045628,0.045936,30,"2827, 13801, 51, 178.03"
2,0,"NVIDIA GeForce RTX 5070 Ti",120,70,tartan-cold,real,407444,0.010000,65536,10245,0.078163,8,65536,A4-rust,update,0.440552,0.443632,0.444132,0.438752,0.440909,30,"2827, 13801, 51, 178.03"
2,0,"NVIDIA GeForce RTX 5070 Ti",120,70,tartan-cold,real,407444,0.010000,65536,10245,0.078163,8,65536,A5-triton,allocate,0.663088,0.666840,0.667988,0.658244,0.662990,30,"2827, 13801, 51, 178.03"
2,0,"NVIDIA GeForce RTX 5070 Ti",120,70,tartan-cold,real,407444,0.010000,65536,10245,0.078163,8,65536,A5-triton,update,0.551012,0.553468,0.553568,0.548716,0.551161,30,"2827, 13801, 51, 178.03"
2,0,"NVIDIA GeForce RTX 5070 Ti",120,70,tartan-warm,real,407444,0.010000,65536,14332,0.109344,8,65536,A3-cuda,allocate,0.023220,0.023912,0.023948,0.022864,0.023227,30,"2820, 13801, 53, 194.93"
2,0,"NVIDIA GeForce RTX 5070 Ti",120,70,tartan-warm,real,407444,0.010000,65536,14332,0.109344,8,65536,A3-cuda,update,0.364700,0.367492,0.367652,0.363576,0.365307,30,"2820, 13801, 53, 194.93"
2,0,"NVIDIA GeForce RTX 5070 Ti",120,70,tartan-warm,real,407444,0.010000,65536,14332,0.109344,8,65536,A4-rust,allocate,0.028824,0.028944,0.029532,0.028272,0.028719,30,"2820, 13801, 53, 194.93"
2,0,"NVIDIA GeForce RTX 5070 Ti",120,70,tartan-warm,real,407444,0.010000,65536,14332,0.109344,8,65536,A4-rust,update,0.367188,0.368452,0.368456,0.364276,0.367070,30,"2820, 13801, 53, 194.93"
2,0,"NVIDIA GeForce RTX 5070 Ti",120,70,tartan-warm,real,407444,0.010000,65536,14332,0.109344,8,65536,A5-triton,allocate,0.663052,0.665752,0.666488,0.657204,0.662746,30,"2820, 13801, 53, 194.93"
2,0,"NVIDIA GeForce RTX 5070 Ti",120,70,tartan-warm,real,407444,0.010000,65536,14332,0.109344,8,65536,A5-triton,update,0.470220,0.473044,0.473076,0.467660,0.470381,30,"2820, 13801, 53, 194.93"
2,1,"NVIDIA GeForce RTX 5060",120,30,base,baseline,320000,0.010000,16384,1160,0.035400,8,65536,A3-cuda,allocate,0.053880,0.054328,0.054500,0.053348,0.053841,30,"2790, 13801, 48, 78.05"
2,1,"NVIDIA GeForce RTX 5060",120,30,base,baseline,320000,0.010000,16384,1160,0.035400,8,65536,A3-cuda,update,0.456800,0.459868,0.461188,0.454008,0.457062,30,"2790, 13801, 48, 78.05"
2,1,"NVIDIA GeForce RTX 5060",120,30,base,baseline,320000,0.010000,16384,1160,0.035400,8,65536,A4-rust,allocate,0.063208,0.063932,0.064032,0.062188,0.063223,30,"2790, 13801, 48, 78.05"
2,1,"NVIDIA GeForce RTX 5060",120,30,base,baseline,320000,0.010000,16384,1160,0.035400,8,65536,A4-rust,update,0.475056,0.480408,0.481460,0.471168,0.475170,30,"2790, 13801, 48, 78.05"
2,1,"NVIDIA GeForce RTX 5060",120,30,base,baseline,320000,0.010000,16384,1160,0.035400,8,65536,A5-triton,allocate,0.965840,0.967932,0.968088,0.963772,0.966031,30,"2790, 13801, 48, 78.05"
2,1,"NVIDIA GeForce RTX 5060",120,30,base,baseline,320000,0.010000,16384,1160,0.035400,8,65536,A5-triton,update,0.559948,0.562504,0.563144,0.557004,0.559843,30,"2790, 13801, 48, 78.05"
2,1,"NVIDIA GeForce RTX 5060",120,30,pts-20k,points,20000,0.010000,16384,1104,0.033691,8,65536,A3-cuda,allocate,0.008280,0.008852,0.009028,0.007816,0.008299,30,"2790, 13801, 45, 64.77"
2,1,"NVIDIA GeForce RTX 5060",120,30,pts-20k,points,20000,0.010000,16384,1104,0.033691,8,65536,A3-cuda,update,0.063700,0.065072,0.065168,0.062752,0.063776,30,"2790, 13801, 45, 64.77"
2,1,"NVIDIA GeForce RTX 5060",120,30,pts-20k,points,20000,0.010000,16384,1104,0.033691,8,65536,A4-rust,allocate,0.018636,0.018944,0.018956,0.018148,0.018639,30,"2790, 13801, 45, 64.77"
2,1,"NVIDIA GeForce RTX 5060",120,30,pts-20k,points,20000,0.010000,16384,1104,0.033691,8,65536,A4-rust,update,0.064164,0.064916,0.065196,0.063124,0.064174,30,"2790, 13801, 45, 64.77"
2,1,"NVIDIA GeForce RTX 5060",120,30,pts-20k,points,20000,0.010000,16384,1104,0.033691,8,65536,A5-triton,allocate,0.094932,0.095420,0.095472,0.094476,0.094908,30,"2790, 13801, 45, 64.77"
2,1,"NVIDIA GeForce RTX 5060",120,30,pts-20k,points,20000,0.010000,16384,1104,0.033691,8,65536,A5-triton,update,0.099780,0.100532,0.100568,0.099244,0.099749,30,"2790, 13801, 45, 64.77"
2,1,"NVIDIA GeForce RTX 5060",120,30,pts-80k,points,80000,0.010000,16384,1160,0.035400,8,65536,A3-cuda,allocate,0.019104,0.019652,0.019856,0.018808,0.019148,30,"2790, 13801, 46, 64.34"
2,1,"NVIDIA GeForce RTX 5060",120,30,pts-80k,points,80000,0.010000,16384,1160,0.035400,8,65536,A3-cuda,update,0.131580,0.132700,0.133080,0.130456,0.131653,30,"2790, 13801, 46, 64.34"
2,1,"NVIDIA GeForce RTX 5060",120,30,pts-80k,points,80000,0.010000,16384,1160,0.035400,8,65536,A4-rust,allocate,0.025244,0.025644,0.025712,0.024592,0.025158,30,"2790, 13801, 46, 64.34"
2,1,"NVIDIA GeForce RTX 5060",120,30,pts-80k,points,80000,0.010000,16384,1160,0.035400,8,65536,A4-rust,update,0.141592,0.143772,0.143776,0.139836,0.141650,30,"2790, 13801, 46, 64.34"
2,1,"NVIDIA GeForce RTX 5060",120,30,pts-80k,points,80000,0.010000,16384,1160,0.035400,8,65536,A5-triton,allocate,0.308616,0.317908,0.319036,0.302824,0.308704,30,"2790, 13801, 46, 64.34"
2,1,"NVIDIA GeForce RTX 5060",120,30,pts-80k,points,80000,0.010000,16384,1160,0.035400,8,65536,A5-triton,update,0.190740,0.192216,0.192456,0.188920,0.190847,30,"2790, 13801, 46, 64.34"
2,1,"NVIDIA GeForce RTX 5060",120,30,pts-720k,points,720000,0.010000,16384,1160,0.035400,8,65536,A3-cuda,allocate,0.101968,0.103160,0.103516,0.101484,0.102092,30,"2790, 13801, 50, 83.14"
2,1,"NVIDIA GeForce RTX 5060",120,30,pts-720k,points,720000,0.010000,16384,1160,0.035400,8,65536,A3-cuda,update,0.963412,0.968804,0.968832,0.956776,0.963331,30,"2790, 13801, 50, 83.14"
2,1,"NVIDIA GeForce RTX 5060",120,30,pts-720k,points,720000,0.010000,16384,1160,0.035400,8,65536,A4-rust,allocate,0.115992,0.117556,0.118188,0.114600,0.116229,30,"2790, 13801, 50, 83.14"
2,1,"NVIDIA GeForce RTX 5060",120,30,pts-720k,points,720000,0.010000,16384,1160,0.035400,8,65536,A4-rust,update,0.982904,0.989112,0.989872,0.976256,0.983018,30,"2790, 13801, 50, 83.14"
2,1,"NVIDIA GeForce RTX 5060",120,30,pts-720k,points,720000,0.010000,16384,1160,0.035400,8,65536,A5-triton,allocate,2.151284,2.154596,2.154600,2.145948,2.150910,30,"2790, 13801, 50, 83.14"
2,1,"NVIDIA GeForce RTX 5060",120,30,pts-720k,points,720000,0.010000,16384,1160,0.035400,8,65536,A5-triton,update,1.144072,1.147464,1.147696,1.140284,1.143949,30,"2790, 13801, 50, 83.14"
2,1,"NVIDIA GeForce RTX 5060",120,30,pts-1280k,points,1280000,0.010000,16384,1160,0.035400,8,65536,A3-cuda,allocate,0.167732,0.168068,0.168156,0.166560,0.167467,30,"2790, 13801, 52, 87.43"
2,1,"NVIDIA GeForce RTX 5060",120,30,pts-1280k,points,1280000,0.010000,16384,1160,0.035400,8,65536,A3-cuda,update,1.542636,1.550388,1.550828,1.535204,1.543039,30,"2790, 13801, 52, 87.43"
2,1,"NVIDIA GeForce RTX 5060",120,30,pts-1280k,points,1280000,0.010000,16384,1160,0.035400,8,65536,A4-rust,allocate,0.186116,0.188632,0.189396,0.184588,0.186212,30,"2790, 13801, 52, 87.43"
2,1,"NVIDIA GeForce RTX 5060",120,30,pts-1280k,points,1280000,0.010000,16384,1160,0.035400,8,65536,A4-rust,update,1.549208,1.554088,1.558648,1.541040,1.548918,30,"2790, 13801, 52, 87.43"
2,1,"NVIDIA GeForce RTX 5060",120,30,pts-1280k,points,1280000,0.010000,16384,1160,0.035400,8,65536,A5-triton,allocate,3.852824,3.856332,3.858768,3.845668,3.852621,30,"2790, 13801, 52, 87.43"
2,1,"NVIDIA GeForce RTX 5060",120,30,pts-1280k,points,1280000,0.010000,16384,1160,0.035400,8,65536,A5-triton,update,1.856188,1.858964,1.860260,1.850752,1.855575,30,"2790, 13801, 52, 87.43"
2,1,"NVIDIA GeForce RTX 5060",120,30,r-0.25,extent,320000,0.010000,16384,280,0.008545,8,65536,A3-cuda,allocate,0.044908,0.045136,0.045596,0.043440,0.044608,30,"2790, 13801, 50, 76.91"
2,1,"NVIDIA GeForce RTX 5060",120,30,r-0.25,extent,320000,0.010000,16384,280,0.008545,8,65536,A3-cuda,update,0.413816,0.418276,0.418676,0.410604,0.414061,30,"2790, 13801, 50, 76.91"
2,1,"NVIDIA GeForce RTX 5060",120,30,r-0.25,extent,320000,0.010000,16384,280,0.008545,8,65536,A4-rust,allocate,0.057632,0.058808,0.059312,0.056596,0.057684,30,"2790, 13801, 50, 76.91"
2,1,"NVIDIA GeForce RTX 5060",120,30,r-0.25,extent,320000,0.010000,16384,280,0.008545,8,65536,A4-rust,update,0.439436,0.445560,0.445852,0.432760,0.439307,30,"2790, 13801, 50, 76.91"
2,1,"NVIDIA GeForce RTX 5060",120,30,r-0.25,extent,320000,0.010000,16384,280,0.008545,8,65536,A5-triton,allocate,0.968964,0.970536,0.970680,0.966732,0.968736,30,"2790, 13801, 50, 76.91"
2,1,"NVIDIA GeForce RTX 5060",120,30,r-0.25,extent,320000,0.010000,16384,280,0.008545,8,65536,A5-triton,update,0.508472,0.511156,0.511496,0.504848,0.508340,30,"2790, 13801, 50, 76.91"
2,1,"NVIDIA GeForce RTX 5060",120,30,r-1.0,extent,320000,0.010000,65536,4752,0.036255,8,65536,A3-cuda,allocate,0.061712,0.062112,0.062120,0.060884,0.061658,30,"2790, 13801, 49, 72.56"
2,1,"NVIDIA GeForce RTX 5060",120,30,r-1.0,extent,320000,0.010000,65536,4752,0.036255,8,65536,A3-cuda,update,0.522976,0.525048,0.525688,0.521068,0.523297,30,"2790, 13801, 49, 72.56"
2,1,"NVIDIA GeForce RTX 5060",120,30,r-1.0,extent,320000,0.010000,65536,4752,0.036255,8,65536,A4-rust,allocate,0.069344,0.069912,0.070120,0.068912,0.069392,30,"2790, 13801, 49, 72.56"
2,1,"NVIDIA GeForce RTX 5060",120,30,r-1.0,extent,320000,0.010000,65536,4752,0.036255,8,65536,A4-rust,update,0.532516,0.535188,0.535332,0.530188,0.532687,30,"2790, 13801, 49, 72.56"
2,1,"NVIDIA GeForce RTX 5060",120,30,r-1.0,extent,320000,0.010000,65536,4752,0.036255,8,65536,A5-triton,allocate,0.968272,0.969820,0.970832,0.965976,0.968008,30,"2790, 13801, 49, 72.56"
2,1,"NVIDIA GeForce RTX 5060",120,30,r-1.0,extent,320000,0.010000,65536,4752,0.036255,8,65536,A5-triton,update,0.652308,0.654912,0.655404,0.649296,0.652112,30,"2790, 13801, 49, 72.56"
2,1,"NVIDIA GeForce RTX 5060",120,30,r-2.0,extent,320000,0.010000,131072,18160,0.069275,4,65536,A3-cuda,allocate,0.087944,0.088856,0.088984,0.086344,0.087859,30,"2790, 13801, 49, 70.20"
2,1,"NVIDIA GeForce RTX 5060",120,30,r-2.0,extent,320000,0.010000,131072,18160,0.069275,4,65536,A3-cuda,update,1.178824,1.184504,1.184512,1.172424,1.178706,30,"2790, 13801, 49, 70.20"
2,1,"NVIDIA GeForce RTX 5060",120,30,r-2.0,extent,320000,0.010000,131072,18160,0.069275,4,65536,A4-rust,allocate,0.089600,0.090176,0.090256,0.088944,0.089623,30,"2790, 13801, 49, 70.20"
2,1,"NVIDIA GeForce RTX 5060",120,30,r-2.0,extent,320000,0.010000,131072,18160,0.069275,4,65536,A4-rust,update,1.156200,1.159168,1.160288,1.151104,1.156095,30,"2790, 13801, 49, 70.20"
2,1,"NVIDIA GeForce RTX 5060",120,30,r-2.0,extent,320000,0.010000,131072,18160,0.069275,4,65536,A5-triton,allocate,0.982440,0.984912,0.984920,0.979976,0.982350,30,"2790, 13801, 49, 70.20"
2,1,"NVIDIA GeForce RTX 5060",120,30,r-2.0,extent,320000,0.010000,131072,18160,0.069275,4,65536,A5-triton,update,1.699128,1.704784,1.705360,1.693528,1.699415,30,"2790, 13801, 49, 70.20"
2,1,"NVIDIA GeForce RTX 5060",120,30,lf-sparse,loadfactor,320000,0.010000,18560,1160,0.017700,8,65536,A3-cuda,allocate,0.050588,0.051048,0.051092,0.049944,0.050554,30,"2790, 13801, 51, 71.66"
2,1,"NVIDIA GeForce RTX 5060",120,30,lf-sparse,loadfactor,320000,0.010000,18560,1160,0.017700,8,65536,A3-cuda,update,0.459764,0.461544,0.463076,0.456680,0.459437,30,"2790, 13801, 51, 71.66"
2,1,"NVIDIA GeForce RTX 5060",120,30,lf-sparse,loadfactor,320000,0.010000,18560,1160,0.017700,8,65536,A4-rust,allocate,0.059148,0.059572,0.059652,0.058580,0.059146,30,"2790, 13801, 51, 71.66"
2,1,"NVIDIA GeForce RTX 5060",120,30,lf-sparse,loadfactor,320000,0.010000,18560,1160,0.017700,8,65536,A4-rust,update,0.477360,0.481420,0.481944,0.472976,0.477643,30,"2790, 13801, 51, 71.66"
2,1,"NVIDIA GeForce RTX 5060",120,30,lf-sparse,loadfactor,320000,0.010000,18560,1160,0.017700,8,65536,A5-triton,allocate,0.965092,0.966464,0.968176,0.962876,0.965113,30,"2790, 13801, 51, 71.66"
2,1,"NVIDIA GeForce RTX 5060",120,30,lf-sparse,loadfactor,320000,0.010000,18560,1160,0.017700,8,65536,A5-triton,update,0.563268,0.566340,0.566836,0.559900,0.563098,30,"2790, 13801, 51, 71.66"
2,1,"NVIDIA GeForce RTX 5060",120,30,plane-320k,shape,320356,0.010000,16384,1060,0.032349,8,65536,A3-cuda,allocate,0.053068,0.053372,0.053496,0.052720,0.053089,30,"2790, 13801, 52, 76.78"
2,1,"NVIDIA GeForce RTX 5060",120,30,plane-320k,shape,320356,0.010000,16384,1060,0.032349,8,65536,A3-cuda,update,0.619888,0.622976,0.624092,0.617856,0.620330,30,"2790, 13801, 52, 76.78"
2,1,"NVIDIA GeForce RTX 5060",120,30,plane-320k,shape,320356,0.010000,16384,1060,0.032349,8,65536,A4-rust,allocate,0.058568,0.059160,0.059184,0.058056,0.058577,30,"2790, 13801, 52, 76.78"
2,1,"NVIDIA GeForce RTX 5060",120,30,plane-320k,shape,320356,0.010000,16384,1060,0.032349,8,65536,A4-rust,update,0.627752,0.630564,0.631344,0.624676,0.627754,30,"2790, 13801, 52, 76.78"
2,1,"NVIDIA GeForce RTX 5060",120,30,plane-320k,shape,320356,0.010000,16384,1060,0.032349,8,65536,A5-triton,allocate,0.965356,0.967320,0.967596,0.963472,0.965507,30,"2790, 13801, 52, 76.78"
2,1,"NVIDIA GeForce RTX 5060",120,30,plane-320k,shape,320356,0.010000,16384,1060,0.032349,8,65536,A5-triton,update,0.699712,0.703772,0.703856,0.695856,0.700010,30,"2790, 13801, 52, 76.78"
2,1,"NVIDIA GeForce RTX 5060",120,30,tartan-cold,real,407444,0.010000,65536,10245,0.078163,8,65536,A3-cuda,allocate,0.070952,0.071476,0.071508,0.070744,0.071011,30,"2790, 13801, 51, 75.84"
2,1,"NVIDIA GeForce RTX 5060",120,30,tartan-cold,real,407444,0.010000,65536,10245,0.078163,8,65536,A3-cuda,update,0.833140,0.836084,0.836324,0.830452,0.833577,30,"2790, 13801, 51, 75.84"
2,1,"NVIDIA GeForce RTX 5060",120,30,tartan-cold,real,407444,0.010000,65536,10245,0.078163,8,65536,A4-rust,allocate,0.080692,0.080980,0.081064,0.079888,0.080648,30,"2790, 13801, 51, 75.84"
2,1,"NVIDIA GeForce RTX 5060",120,30,tartan-cold,real,407444,0.010000,65536,10245,0.078163,8,65536,A4-rust,update,0.834716,0.837048,0.837168,0.832944,0.834852,30,"2790, 13801, 51, 75.84"
2,1,"NVIDIA GeForce RTX 5060",120,30,tartan-cold,real,407444,0.010000,65536,10245,0.078163,8,65536,A5-triton,allocate,1.225428,1.227412,1.227640,1.223012,1.225545,30,"2790, 13801, 51, 75.84"
2,1,"NVIDIA GeForce RTX 5060",120,30,tartan-cold,real,407444,0.010000,65536,10245,0.078163,8,65536,A5-triton,update,1.108804,1.111612,1.113464,1.104884,1.108666,30,"2790, 13801, 51, 75.84"
2,1,"NVIDIA GeForce RTX 5060",120,30,tartan-warm,real,407444,0.010000,65536,14332,0.109344,8,65536,A3-cuda,allocate,0.051456,0.051676,0.051728,0.051276,0.051477,30,"2782, 13801, 55, 92.60"
2,1,"NVIDIA GeForce RTX 5060",120,30,tartan-warm,real,407444,0.010000,65536,14332,0.109344,8,65536,A3-cuda,update,0.711508,0.713588,0.714824,0.708468,0.711104,30,"2782, 13801, 55, 92.60"
2,1,"NVIDIA GeForce RTX 5060",120,30,tartan-warm,real,407444,0.010000,65536,14332,0.109344,8,65536,A4-rust,allocate,0.057860,0.058084,0.058180,0.057668,0.057906,30,"2782, 13801, 55, 92.60"
2,1,"NVIDIA GeForce RTX 5060",120,30,tartan-warm,real,407444,0.010000,65536,14332,0.109344,8,65536,A4-rust,update,0.710196,0.712500,0.713020,0.705840,0.710127,30,"2782, 13801, 55, 92.60"
2,1,"NVIDIA GeForce RTX 5060",120,30,tartan-warm,real,407444,0.010000,65536,14332,0.109344,8,65536,A5-triton,allocate,1.222244,1.224556,1.224912,1.219476,1.222200,30,"2782, 13801, 55, 92.60"
2,1,"NVIDIA GeForce RTX 5060",120,30,tartan-warm,real,407444,0.010000,65536,14332,0.109344,8,65536,A5-triton,update,1.006324,1.011376,1.011392,1.001968,1.006266,30,"2782, 13801, 55, 92.60"
3,0,"NVIDIA GeForce RTX 5070 Ti",120,70,base,baseline,320000,0.010000,16384,1160,0.035400,8,65536,A3-cuda,allocate,0.028068,0.028428,0.028512,0.027632,0.028015,30,"2827, 13801, 48, 65.08"
3,0,"NVIDIA GeForce RTX 5070 Ti",120,70,base,baseline,320000,0.010000,16384,1160,0.035400,8,65536,A3-cuda,update,0.250028,0.251320,0.251700,0.246724,0.249762,30,"2827, 13801, 48, 65.08"
3,0,"NVIDIA GeForce RTX 5070 Ti",120,70,base,baseline,320000,0.010000,16384,1160,0.035400,8,65536,A4-rust,allocate,0.036960,0.037512,0.038012,0.036204,0.036958,30,"2827, 13801, 48, 65.08"
3,0,"NVIDIA GeForce RTX 5070 Ti",120,70,base,baseline,320000,0.010000,16384,1160,0.035400,8,65536,A4-rust,update,0.270348,0.273900,0.276276,0.265988,0.270478,30,"2827, 13801, 48, 65.08"
3,0,"NVIDIA GeForce RTX 5070 Ti",120,70,base,baseline,320000,0.010000,16384,1160,0.035400,8,65536,A5-triton,allocate,0.500456,0.502732,0.506088,0.497016,0.500373,30,"2827, 13801, 48, 65.08"
3,0,"NVIDIA GeForce RTX 5070 Ti",120,70,base,baseline,320000,0.010000,16384,1160,0.035400,8,65536,A5-triton,update,0.327312,0.328972,0.329728,0.323084,0.327166,30,"2827, 13801, 48, 65.08"
3,0,"NVIDIA GeForce RTX 5070 Ti",120,70,pts-20k,points,20000,0.010000,16384,1104,0.033691,8,65536,A3-cuda,allocate,0.004984,0.005104,0.005168,0.004792,0.004977,30,"2827, 13801, 46, 146.51"
3,0,"NVIDIA GeForce RTX 5070 Ti",120,70,pts-20k,points,20000,0.010000,16384,1104,0.033691,8,65536,A3-cuda,update,0.034604,0.034892,0.035496,0.033852,0.034534,30,"2827, 13801, 46, 146.51"
3,0,"NVIDIA GeForce RTX 5070 Ti",120,70,pts-20k,points,20000,0.010000,16384,1104,0.033691,8,65536,A4-rust,allocate,0.016584,0.017076,0.017120,0.016304,0.016609,30,"2827, 13801, 46, 146.51"
3,0,"NVIDIA GeForce RTX 5070 Ti",120,70,pts-20k,points,20000,0.010000,16384,1104,0.033691,8,65536,A4-rust,update,0.040884,0.041776,0.042160,0.040276,0.040958,30,"2827, 13801, 46, 146.51"
3,0,"NVIDIA GeForce RTX 5070 Ti",120,70,pts-20k,points,20000,0.010000,16384,1104,0.033691,8,65536,A5-triton,allocate,0.085720,0.086300,0.086508,0.085204,0.085744,30,"2827, 13801, 46, 146.51"
3,0,"NVIDIA GeForce RTX 5070 Ti",120,70,pts-20k,points,20000,0.010000,16384,1104,0.033691,8,65536,A5-triton,update,0.088192,0.089064,0.089132,0.087448,0.088149,30,"2827, 13801, 46, 146.51"
3,0,"NVIDIA GeForce RTX 5070 Ti",120,70,pts-80k,points,80000,0.010000,16384,1160,0.035400,8,65536,A3-cuda,allocate,0.010516,0.011428,0.011472,0.010128,0.010628,30,"2827, 13801, 47, 153.73"
3,0,"NVIDIA GeForce RTX 5070 Ti",120,70,pts-80k,points,80000,0.010000,16384,1160,0.035400,8,65536,A3-cuda,update,0.069820,0.070688,0.071096,0.068784,0.069724,30,"2827, 13801, 47, 153.73"
3,0,"NVIDIA GeForce RTX 5070 Ti",120,70,pts-80k,points,80000,0.010000,16384,1160,0.035400,8,65536,A4-rust,allocate,0.017788,0.018256,0.018416,0.017044,0.017751,30,"2827, 13801, 47, 153.73"
3,0,"NVIDIA GeForce RTX 5070 Ti",120,70,pts-80k,points,80000,0.010000,16384,1160,0.035400,8,65536,A4-rust,update,0.081872,0.083436,0.083964,0.079700,0.081858,30,"2827, 13801, 47, 153.73"
3,0,"NVIDIA GeForce RTX 5070 Ti",120,70,pts-80k,points,80000,0.010000,16384,1160,0.035400,8,65536,A5-triton,allocate,0.149136,0.149800,0.149840,0.148756,0.149216,30,"2827, 13801, 47, 153.73"
3,0,"NVIDIA GeForce RTX 5070 Ti",120,70,pts-80k,points,80000,0.010000,16384,1160,0.035400,8,65536,A5-triton,update,0.118404,0.119688,0.119792,0.117136,0.118410,30,"2827, 13801, 47, 153.73"
3,0,"NVIDIA GeForce RTX 5070 Ti",120,70,pts-720k,points,720000,0.010000,16384,1160,0.035400,8,65536,A3-cuda,allocate,0.051756,0.052704,0.052880,0.050996,0.051830,30,"2827, 13801, 50, 170.40"
3,0,"NVIDIA GeForce RTX 5070 Ti",120,70,pts-720k,points,720000,0.010000,16384,1160,0.035400,8,65536,A3-cuda,update,0.542476,0.545548,0.546812,0.539404,0.542551,30,"2827, 13801, 50, 170.40"
3,0,"NVIDIA GeForce RTX 5070 Ti",120,70,pts-720k,points,720000,0.010000,16384,1160,0.035400,8,65536,A4-rust,allocate,0.063112,0.064176,0.064200,0.062428,0.063147,30,"2827, 13801, 50, 170.40"
3,0,"NVIDIA GeForce RTX 5070 Ti",120,70,pts-720k,points,720000,0.010000,16384,1160,0.035400,8,65536,A4-rust,update,0.563572,0.567940,0.569008,0.559740,0.564202,30,"2827, 13801, 50, 170.40"
3,0,"NVIDIA GeForce RTX 5070 Ti",120,70,pts-720k,points,720000,0.010000,16384,1160,0.035400,8,65536,A5-triton,allocate,1.127136,1.132876,1.133624,1.118196,1.126378,30,"2827, 13801, 50, 170.40"
3,0,"NVIDIA GeForce RTX 5070 Ti",120,70,pts-720k,points,720000,0.010000,16384,1160,0.035400,8,65536,A5-triton,update,0.640248,0.643920,0.644188,0.637276,0.640206,30,"2827, 13801, 50, 170.40"
3,0,"NVIDIA GeForce RTX 5070 Ti",120,70,pts-1280k,points,1280000,0.010000,16384,1160,0.035400,8,65536,A3-cuda,allocate,0.078800,0.080404,0.081236,0.078444,0.079148,30,"2827, 13801, 51, 172.64"
3,0,"NVIDIA GeForce RTX 5070 Ti",120,70,pts-1280k,points,1280000,0.010000,16384,1160,0.035400,8,65536,A3-cuda,update,0.897296,0.902024,0.903564,0.888584,0.897160,30,"2827, 13801, 51, 172.64"
3,0,"NVIDIA GeForce RTX 5070 Ti",120,70,pts-1280k,points,1280000,0.010000,16384,1160,0.035400,8,65536,A4-rust,allocate,0.095092,0.096712,0.096772,0.094076,0.095127,30,"2827, 13801, 51, 172.64"
3,0,"NVIDIA GeForce RTX 5070 Ti",120,70,pts-1280k,points,1280000,0.010000,16384,1160,0.035400,8,65536,A4-rust,update,0.930348,0.938244,0.938796,0.923868,0.930473,30,"2827, 13801, 51, 172.64"
3,0,"NVIDIA GeForce RTX 5070 Ti",120,70,pts-1280k,points,1280000,0.010000,16384,1160,0.035400,8,65536,A5-triton,allocate,1.943420,1.947496,1.948084,1.939644,1.943570,30,"2827, 13801, 51, 172.64"
3,0,"NVIDIA GeForce RTX 5070 Ti",120,70,pts-1280k,points,1280000,0.010000,16384,1160,0.035400,8,65536,A5-triton,update,1.042132,1.048252,1.048444,1.035632,1.041952,30,"2827, 13801, 51, 172.64"
3,0,"NVIDIA GeForce RTX 5070 Ti",120,70,r-0.25,extent,320000,0.010000,16384,280,0.008545,8,65536,A3-cuda,allocate,0.023524,0.024728,0.024824,0.023136,0.023679,30,"2827, 13801, 50, 163.23"
3,0,"NVIDIA GeForce RTX 5070 Ti",120,70,r-0.25,extent,320000,0.010000,16384,280,0.008545,8,65536,A3-cuda,update,0.241564,0.244924,0.245176,0.238400,0.241550,30,"2827, 13801, 50, 163.23"
3,0,"NVIDIA GeForce RTX 5070 Ti",120,70,r-0.25,extent,320000,0.010000,16384,280,0.008545,8,65536,A4-rust,allocate,0.034968,0.035768,0.035800,0.034196,0.035040,30,"2827, 13801, 50, 163.23"
3,0,"NVIDIA GeForce RTX 5070 Ti",120,70,r-0.25,extent,320000,0.010000,16384,280,0.008545,8,65536,A4-rust,update,0.270132,0.274100,0.277032,0.265200,0.270109,30,"2827, 13801, 50, 163.23"
3,0,"NVIDIA GeForce RTX 5070 Ti",120,70,r-0.25,extent,320000,0.010000,16384,280,0.008545,8,65536,A5-triton,allocate,0.501104,0.502984,0.503716,0.497352,0.500931,30,"2827, 13801, 50, 163.23"
3,0,"NVIDIA GeForce RTX 5070 Ti",120,70,r-0.25,extent,320000,0.010000,16384,280,0.008545,8,65536,A5-triton,update,0.307500,0.309932,0.311980,0.303504,0.307214,30,"2827, 13801, 50, 163.23"
3,0,"NVIDIA GeForce RTX 5070 Ti",120,70,r-1.0,extent,320000,0.010000,65536,4752,0.036255,8,65536,A3-cuda,allocate,0.032412,0.032576,0.032640,0.032044,0.032406,30,"2827, 13801, 50, 174.91"
3,0,"NVIDIA GeForce RTX 5070 Ti",120,70,r-1.0,extent,320000,0.010000,65536,4752,0.036255,8,65536,A3-cuda,update,0.277148,0.279996,0.279996,0.275256,0.277753,30,"2827, 13801, 50, 174.91"
3,0,"NVIDIA GeForce RTX 5070 Ti",120,70,r-1.0,extent,320000,0.010000,65536,4752,0.036255,8,65536,A4-rust,allocate,0.041412,0.042236,0.042464,0.040628,0.041477,30,"2827, 13801, 50, 174.91"
3,0,"NVIDIA GeForce RTX 5070 Ti",120,70,r-1.0,extent,320000,0.010000,65536,4752,0.036255,8,65536,A4-rust,update,0.290544,0.292624,0.293320,0.287720,0.290353,30,"2827, 13801, 50, 174.91"
3,0,"NVIDIA GeForce RTX 5070 Ti",120,70,r-1.0,extent,320000,0.010000,65536,4752,0.036255,8,65536,A5-triton,allocate,0.502648,0.505216,0.505260,0.500200,0.502529,30,"2827, 13801, 50, 174.91"
3,0,"NVIDIA GeForce RTX 5070 Ti",120,70,r-1.0,extent,320000,0.010000,65536,4752,0.036255,8,65536,A5-triton,update,0.347120,0.349808,0.350328,0.342988,0.347163,30,"2827, 13801, 50, 174.91"
3,0,"NVIDIA GeForce RTX 5070 Ti",120,70,r-2.0,extent,320000,0.010000,131072,18160,0.069275,8,65536,A3-cuda,allocate,0.044672,0.045356,0.045360,0.044220,0.044658,30,"2827, 13801, 50, 171.20"
3,0,"NVIDIA GeForce RTX 5070 Ti",120,70,r-2.0,extent,320000,0.010000,131072,18160,0.069275,8,65536,A3-cuda,update,0.620724,0.621284,0.622312,0.616836,0.619931,30,"2827, 13801, 50, 171.20"
3,0,"NVIDIA GeForce RTX 5070 Ti",120,70,r-2.0,extent,320000,0.010000,131072,18160,0.069275,8,65536,A4-rust,allocate,0.051728,0.052436,0.052488,0.050944,0.051777,30,"2827, 13801, 50, 171.20"
3,0,"NVIDIA GeForce RTX 5070 Ti",120,70,r-2.0,extent,320000,0.010000,131072,18160,0.069275,8,65536,A4-rust,update,0.595452,0.597836,0.598128,0.593760,0.595600,30,"2827, 13801, 50, 171.20"
3,0,"NVIDIA GeForce RTX 5070 Ti",120,70,r-2.0,extent,320000,0.010000,131072,18160,0.069275,8,65536,A5-triton,allocate,0.508408,0.511200,0.511912,0.504620,0.508142,30,"2827, 13801, 50, 171.20"
3,0,"NVIDIA GeForce RTX 5070 Ti",120,70,r-2.0,extent,320000,0.010000,131072,18160,0.069275,8,65536,A5-triton,update,0.773844,0.777336,0.777572,0.770296,0.773790,30,"2827, 13801, 50, 171.20"
3,0,"NVIDIA GeForce RTX 5070 Ti",120,70,lf-sparse,loadfactor,320000,0.010000,18560,1160,0.017700,8,65536,A3-cuda,allocate,0.028420,0.029400,0.029448,0.027736,0.028558,30,"2827, 13801, 51, 163.50"
3,0,"NVIDIA GeForce RTX 5070 Ti",120,70,lf-sparse,loadfactor,320000,0.010000,18560,1160,0.017700,8,65536,A3-cuda,update,0.253816,0.255804,0.258348,0.252196,0.253994,30,"2827, 13801, 51, 163.50"
3,0,"NVIDIA GeForce RTX 5070 Ti",120,70,lf-sparse,loadfactor,320000,0.010000,18560,1160,0.017700,8,65536,A4-rust,allocate,0.042528,0.043484,0.044256,0.041820,0.042568,30,"2827, 13801, 51, 163.50"
3,0,"NVIDIA GeForce RTX 5070 Ti",120,70,lf-sparse,loadfactor,320000,0.010000,18560,1160,0.017700,8,65536,A4-rust,update,0.274476,0.278320,0.278324,0.270900,0.274563,30,"2827, 13801, 51, 163.50"
3,0,"NVIDIA GeForce RTX 5070 Ti",120,70,lf-sparse,loadfactor,320000,0.010000,18560,1160,0.017700,8,65536,A5-triton,allocate,0.505572,0.507832,0.508552,0.502600,0.505644,30,"2827, 13801, 51, 163.50"
3,0,"NVIDIA GeForce RTX 5070 Ti",120,70,lf-sparse,loadfactor,320000,0.010000,18560,1160,0.017700,8,65536,A5-triton,update,0.332244,0.334700,0.334724,0.328828,0.332063,30,"2827, 13801, 51, 163.50"
3,0,"NVIDIA GeForce RTX 5070 Ti",120,70,plane-320k,shape,320356,0.010000,16384,1060,0.032349,8,65536,A3-cuda,allocate,0.029364,0.029716,0.029808,0.028044,0.029233,30,"2827, 13801, 51, 159.97"
3,0,"NVIDIA GeForce RTX 5070 Ti",120,70,plane-320k,shape,320356,0.010000,16384,1060,0.032349,8,65536,A3-cuda,update,0.333940,0.337120,0.338192,0.329460,0.334049,30,"2827, 13801, 51, 159.97"
3,0,"NVIDIA GeForce RTX 5070 Ti",120,70,plane-320k,shape,320356,0.010000,16384,1060,0.032349,8,65536,A4-rust,allocate,0.035372,0.035836,0.036064,0.034676,0.035410,30,"2827, 13801, 51, 159.97"
3,0,"NVIDIA GeForce RTX 5070 Ti",120,70,plane-320k,shape,320356,0.010000,16384,1060,0.032349,8,65536,A4-rust,update,0.343348,0.345904,0.347916,0.341036,0.343441,30,"2827, 13801, 51, 159.97"
3,0,"NVIDIA GeForce RTX 5070 Ti",120,70,plane-320k,shape,320356,0.010000,16384,1060,0.032349,8,65536,A5-triton,allocate,0.501908,0.503744,0.504256,0.499644,0.501730,30,"2827, 13801, 51, 159.97"
3,0,"NVIDIA GeForce RTX 5070 Ti",120,70,plane-320k,shape,320356,0.010000,16384,1060,0.032349,8,65536,A5-triton,update,0.374776,0.375928,0.377344,0.371676,0.374480,30,"2827, 13801, 51, 159.97"
3,0,"NVIDIA GeForce RTX 5070 Ti",120,70,tartan-cold,real,407444,0.010000,65536,10245,0.078163,8,65536,A3-cuda,allocate,0.037332,0.037756,0.037776,0.036968,0.037359,30,"2827, 13801, 51, 177.71"
3,0,"NVIDIA GeForce RTX 5070 Ti",120,70,tartan-cold,real,407444,0.010000,65536,10245,0.078163,8,65536,A3-cuda,update,0.435212,0.438412,0.438672,0.433800,0.435768,30,"2827, 13801, 51, 177.71"
3,0,"NVIDIA GeForce RTX 5070 Ti",120,70,tartan-cold,real,407444,0.010000,65536,10245,0.078163,8,65536,A4-rust,allocate,0.045792,0.046148,0.046200,0.045492,0.045822,30,"2827, 13801, 51, 177.71"
3,0,"NVIDIA GeForce RTX 5070 Ti",120,70,tartan-cold,real,407444,0.010000,65536,10245,0.078163,8,65536,A4-rust,update,0.440572,0.443136,0.443864,0.438772,0.440811,30,"2827, 13801, 51, 177.71"
3,0,"NVIDIA GeForce RTX 5070 Ti",120,70,tartan-cold,real,407444,0.010000,65536,10245,0.078163,8,65536,A5-triton,allocate,0.663620,0.666972,0.669184,0.660064,0.663852,30,"2827, 13801, 51, 177.71"
3,0,"NVIDIA GeForce RTX 5070 Ti",120,70,tartan-cold,real,407444,0.010000,65536,10245,0.078163,8,65536,A5-triton,update,0.551536,0.552560,0.552564,0.548944,0.551245,30,"2827, 13801, 51, 177.71"
3,0,"NVIDIA GeForce RTX 5070 Ti",120,70,tartan-warm,real,407444,0.010000,65536,14332,0.109344,8,65536,A3-cuda,allocate,0.023188,0.023880,0.023976,0.022960,0.023231,30,"2820, 13801, 53, 195.91"
3,0,"NVIDIA GeForce RTX 5070 Ti",120,70,tartan-warm,real,407444,0.010000,65536,14332,0.109344,8,65536,A3-cuda,update,0.364604,0.366496,0.367528,0.362916,0.364797,30,"2820, 13801, 53, 195.91"
3,0,"NVIDIA GeForce RTX 5070 Ti",120,70,tartan-warm,real,407444,0.010000,65536,14332,0.109344,8,65536,A4-rust,allocate,0.028796,0.028908,0.028992,0.028004,0.028725,30,"2820, 13801, 53, 195.91"
3,0,"NVIDIA GeForce RTX 5070 Ti",120,70,tartan-warm,real,407444,0.010000,65536,14332,0.109344,8,65536,A4-rust,update,0.367580,0.368660,0.369392,0.365692,0.367409,30,"2820, 13801, 53, 195.91"
3,0,"NVIDIA GeForce RTX 5070 Ti",120,70,tartan-warm,real,407444,0.010000,65536,14332,0.109344,8,65536,A5-triton,allocate,0.662620,0.665188,0.665384,0.658292,0.662737,30,"2820, 13801, 53, 195.91"
3,0,"NVIDIA GeForce RTX 5070 Ti",120,70,tartan-warm,real,407444,0.010000,65536,14332,0.109344,8,65536,A5-triton,update,0.470716,0.472920,0.473952,0.468712,0.470772,30,"2820, 13801, 53, 195.91"
3,1,"NVIDIA GeForce RTX 5060",120,30,base,baseline,320000,0.010000,16384,1160,0.035400,8,65536,A3-cuda,allocate,0.053912,0.054676,0.054824,0.053368,0.053991,30,"2790, 13801, 52, 79.08"
3,1,"NVIDIA GeForce RTX 5060",120,30,base,baseline,320000,0.010000,16384,1160,0.035400,8,65536,A3-cuda,update,0.457820,0.461516,0.461916,0.452448,0.458188,30,"2790, 13801, 52, 79.08"
3,1,"NVIDIA GeForce RTX 5060",120,30,base,baseline,320000,0.010000,16384,1160,0.035400,8,65536,A4-rust,allocate,0.063228,0.063964,0.064000,0.062580,0.063238,30,"2790, 13801, 52, 79.08"
3,1,"NVIDIA GeForce RTX 5060",120,30,base,baseline,320000,0.010000,16384,1160,0.035400,8,65536,A4-rust,update,0.477000,0.482220,0.483484,0.471716,0.476816,30,"2790, 13801, 52, 79.08"
3,1,"NVIDIA GeForce RTX 5060",120,30,base,baseline,320000,0.010000,16384,1160,0.035400,8,65536,A5-triton,allocate,0.967852,0.969608,0.969920,0.964780,0.967693,30,"2790, 13801, 52, 79.08"
3,1,"NVIDIA GeForce RTX 5060",120,30,base,baseline,320000,0.010000,16384,1160,0.035400,8,65536,A5-triton,update,0.560960,0.563968,0.564232,0.558400,0.561006,30,"2790, 13801, 52, 79.08"
3,1,"NVIDIA GeForce RTX 5060",120,30,pts-20k,points,20000,0.010000,16384,1104,0.033691,8,65536,A3-cuda,allocate,0.008332,0.008996,0.009112,0.008116,0.008400,30,"2790, 13801, 49, 65.15"
3,1,"NVIDIA GeForce RTX 5060",120,30,pts-20k,points,20000,0.010000,16384,1104,0.033691,8,65536,A3-cuda,update,0.063968,0.064820,0.065064,0.063064,0.063918,30,"2790, 13801, 49, 65.15"
3,1,"NVIDIA GeForce RTX 5060",120,30,pts-20k,points,20000,0.010000,16384,1104,0.033691,8,65536,A4-rust,allocate,0.018692,0.018956,0.019112,0.017860,0.018628,30,"2790, 13801, 49, 65.15"
3,1,"NVIDIA GeForce RTX 5060",120,30,pts-20k,points,20000,0.010000,16384,1104,0.033691,8,65536,A4-rust,update,0.064056,0.064664,0.065020,0.062732,0.063962,30,"2790, 13801, 49, 65.15"
3,1,"NVIDIA GeForce RTX 5060",120,30,pts-20k,points,20000,0.010000,16384,1104,0.033691,8,65536,A5-triton,allocate,0.095008,0.095524,0.095620,0.094580,0.095022,30,"2790, 13801, 49, 65.15"
3,1,"NVIDIA GeForce RTX 5060",120,30,pts-20k,points,20000,0.010000,16384,1104,0.033691,8,65536,A5-triton,update,0.099896,0.100628,0.100748,0.098936,0.099883,30,"2790, 13801, 49, 65.15"
3,1,"NVIDIA GeForce RTX 5060",120,30,pts-80k,points,80000,0.010000,16384,1160,0.035400,8,65536,A3-cuda,allocate,0.019100,0.019364,0.019660,0.018740,0.019091,30,"2790, 13801, 50, 65.66"
3,1,"NVIDIA GeForce RTX 5060",120,30,pts-80k,points,80000,0.010000,16384,1160,0.035400,8,65536,A3-cuda,update,0.131556,0.132988,0.132988,0.130804,0.131659,30,"2790, 13801, 50, 65.66"
3,1,"NVIDIA GeForce RTX 5060",120,30,pts-80k,points,80000,0.010000,16384,1160,0.035400,8,65536,A4-rust,allocate,0.025264,0.025628,0.025892,0.024772,0.025210,30,"2790, 13801, 50, 65.66"
3,1,"NVIDIA GeForce RTX 5060",120,30,pts-80k,points,80000,0.010000,16384,1160,0.035400,8,65536,A4-rust,update,0.141352,0.143144,0.143336,0.139280,0.141271,30,"2790, 13801, 50, 65.66"
3,1,"NVIDIA GeForce RTX 5060",120,30,pts-80k,points,80000,0.010000,16384,1160,0.035400,8,65536,A5-triton,allocate,0.308320,0.317604,0.320756,0.301960,0.309021,30,"2790, 13801, 50, 65.66"
3,1,"NVIDIA GeForce RTX 5060",120,30,pts-80k,points,80000,0.010000,16384,1160,0.035400,8,65536,A5-triton,update,0.190656,0.192064,0.192288,0.188880,0.190566,30,"2790, 13801, 50, 65.66"
3,1,"NVIDIA GeForce RTX 5060",120,30,pts-720k,points,720000,0.010000,16384,1160,0.035400,8,65536,A3-cuda,allocate,0.102320,0.103464,0.103544,0.101480,0.102380,30,"2782, 13801, 54, 84.28"
3,1,"NVIDIA GeForce RTX 5060",120,30,pts-720k,points,720000,0.010000,16384,1160,0.035400,8,65536,A3-cuda,update,0.965240,0.969480,0.971596,0.960484,0.965237,30,"2782, 13801, 54, 84.28"
3,1,"NVIDIA GeForce RTX 5060",120,30,pts-720k,points,720000,0.010000,16384,1160,0.035400,8,65536,A4-rust,allocate,0.116392,0.117964,0.118040,0.115728,0.116541,30,"2782, 13801, 54, 84.28"
3,1,"NVIDIA GeForce RTX 5060",120,30,pts-720k,points,720000,0.010000,16384,1160,0.035400,8,65536,A4-rust,update,0.984744,0.989624,0.991088,0.975980,0.984323,30,"2782, 13801, 54, 84.28"
3,1,"NVIDIA GeForce RTX 5060",120,30,pts-720k,points,720000,0.010000,16384,1160,0.035400,8,65536,A5-triton,allocate,2.153408,2.155636,2.156668,2.150616,2.153535,30,"2782, 13801, 54, 84.28"
3,1,"NVIDIA GeForce RTX 5060",120,30,pts-720k,points,720000,0.010000,16384,1160,0.035400,8,65536,A5-triton,update,1.146412,1.149808,1.149868,1.141568,1.146576,30,"2782, 13801, 54, 84.28"
3,1,"NVIDIA GeForce RTX 5060",120,30,pts-1280k,points,1280000,0.010000,16384,1160,0.035400,8,65536,A3-cuda,allocate,0.168016,0.169524,0.170548,0.167080,0.168140,30,"2782, 13801, 55, 88.64"
3,1,"NVIDIA GeForce RTX 5060",120,30,pts-1280k,points,1280000,0.010000,16384,1160,0.035400,8,65536,A3-cuda,update,1.542904,1.552156,1.552368,1.535168,1.543564,30,"2782, 13801, 55, 88.64"
3,1,"NVIDIA GeForce RTX 5060",120,30,pts-1280k,points,1280000,0.010000,16384,1160,0.035400,8,65536,A4-rust,allocate,0.186592,0.187868,0.188136,0.184604,0.186370,30,"2782, 13801, 55, 88.64"
3,1,"NVIDIA GeForce RTX 5060",120,30,pts-1280k,points,1280000,0.010000,16384,1160,0.035400,8,65536,A4-rust,update,1.548940,1.559468,1.559684,1.543564,1.549691,30,"2782, 13801, 55, 88.64"
3,1,"NVIDIA GeForce RTX 5060",120,30,pts-1280k,points,1280000,0.010000,16384,1160,0.035400,8,65536,A5-triton,allocate,3.853372,3.857524,3.858176,3.843032,3.853263,30,"2782, 13801, 55, 88.64"
3,1,"NVIDIA GeForce RTX 5060",120,30,pts-1280k,points,1280000,0.010000,16384,1160,0.035400,8,65536,A5-triton,update,1.856436,1.861056,1.861120,1.852892,1.856648,30,"2782, 13801, 55, 88.64"
3,1,"NVIDIA GeForce RTX 5060",120,30,r-0.25,extent,320000,0.010000,16384,280,0.008545,8,65536,A3-cuda,allocate,0.044812,0.045248,0.045440,0.043760,0.044691,30,"2782, 13801, 54, 77.56"
3,1,"NVIDIA GeForce RTX 5060",120,30,r-0.25,extent,320000,0.010000,16384,280,0.008545,8,65536,A3-cuda,update,0.413808,0.418724,0.421276,0.409184,0.413644,30,"2782, 13801, 54, 77.56"
3,1,"NVIDIA GeForce RTX 5060",120,30,r-0.25,extent,320000,0.010000,16384,280,0.008545,8,65536,A4-rust,allocate,0.057608,0.058432,0.058548,0.056696,0.057672,30,"2782, 13801, 54, 77.56"
3,1,"NVIDIA GeForce RTX 5060",120,30,r-0.25,extent,320000,0.010000,16384,280,0.008545,8,65536,A4-rust,update,0.440480,0.444844,0.446728,0.433540,0.440330,30,"2782, 13801, 54, 77.56"
3,1,"NVIDIA GeForce RTX 5060",120,30,r-0.25,extent,320000,0.010000,16384,280,0.008545,8,65536,A5-triton,allocate,0.969360,0.970448,0.970584,0.966360,0.969019,30,"2782, 13801, 54, 77.56"
3,1,"NVIDIA GeForce RTX 5060",120,30,r-0.25,extent,320000,0.010000,16384,280,0.008545,8,65536,A5-triton,update,0.508352,0.509856,0.511176,0.505036,0.508193,30,"2782, 13801, 54, 77.56"
3,1,"NVIDIA GeForce RTX 5060",120,30,r-1.0,extent,320000,0.010000,65536,4752,0.036255,8,65536,A3-cuda,allocate,0.061828,0.062184,0.062608,0.061056,0.061785,30,"2790, 13801, 52, 73.58"
3,1,"NVIDIA GeForce RTX 5060",120,30,r-1.0,extent,320000,0.010000,65536,4752,0.036255,8,65536,A3-cuda,update,0.523252,0.525924,0.526172,0.521168,0.523481,30,"2790, 13801, 52, 73.58"
3,1,"NVIDIA GeForce RTX 5060",120,30,r-1.0,extent,320000,0.010000,65536,4752,0.036255,8,65536,A4-rust,allocate,0.069316,0.069936,0.070172,0.068872,0.069347,30,"2790, 13801, 52, 73.58"
3,1,"NVIDIA GeForce RTX 5060",120,30,r-1.0,extent,320000,0.010000,65536,4752,0.036255,8,65536,A4-rust,update,0.533000,0.535332,0.535352,0.530988,0.533091,30,"2790, 13801, 52, 73.58"
3,1,"NVIDIA GeForce RTX 5060",120,30,r-1.0,extent,320000,0.010000,65536,4752,0.036255,8,65536,A5-triton,allocate,0.969120,0.971668,0.971924,0.966340,0.969072,30,"2790, 13801, 52, 73.58"
3,1,"NVIDIA GeForce RTX 5060",120,30,r-1.0,extent,320000,0.010000,65536,4752,0.036255,8,65536,A5-triton,update,0.652876,0.655936,0.655940,0.649760,0.652648,30,"2790, 13801, 52, 73.58"
3,1,"NVIDIA GeForce RTX 5060",120,30,r-2.0,extent,320000,0.010000,131072,18160,0.069275,4,65536,A3-cuda,allocate,0.087792,0.088952,0.088976,0.086632,0.087844,30,"2790, 13801, 52, 70.81"
3,1,"NVIDIA GeForce RTX 5060",120,30,r-2.0,extent,320000,0.010000,131072,18160,0.069275,4,65536,A3-cuda,update,1.181416,1.184944,1.185208,1.172472,1.180537,30,"2790, 13801, 52, 70.81"
3,1,"NVIDIA GeForce RTX 5060",120,30,r-2.0,extent,320000,0.010000,131072,18160,0.069275,4,65536,A4-rust,allocate,0.089520,0.090312,0.090592,0.088680,0.089517,30,"2790, 13801, 52, 70.81"
3,1,"NVIDIA GeForce RTX 5060",120,30,r-2.0,extent,320000,0.010000,131072,18160,0.069275,4,65536,A4-rust,update,1.156640,1.161184,1.162696,1.152096,1.156724,30,"2790, 13801, 52, 70.81"
3,1,"NVIDIA GeForce RTX 5060",120,30,r-2.0,extent,320000,0.010000,131072,18160,0.069275,4,65536,A5-triton,allocate,0.984176,0.986728,0.987224,0.979912,0.984038,30,"2790, 13801, 52, 70.81"
3,1,"NVIDIA GeForce RTX 5060",120,30,r-2.0,extent,320000,0.010000,131072,18160,0.069275,4,65536,A5-triton,update,1.700696,1.705328,1.706872,1.696144,1.700383,30,"2790, 13801, 52, 70.81"
3,1,"NVIDIA GeForce RTX 5060",120,30,lf-sparse,loadfactor,320000,0.010000,18560,1160,0.017700,8,65536,A3-cuda,allocate,0.050956,0.051324,0.051340,0.050012,0.050671,30,"2782, 13801, 54, 72.26"
3,1,"NVIDIA GeForce RTX 5060",120,30,lf-sparse,loadfactor,320000,0.010000,18560,1160,0.017700,8,65536,A3-cuda,update,0.459852,0.463432,0.463768,0.456948,0.460022,30,"2782, 13801, 54, 72.26"
3,1,"NVIDIA GeForce RTX 5060",120,30,lf-sparse,loadfactor,320000,0.010000,18560,1160,0.017700,8,65536,A4-rust,allocate,0.059364,0.059932,0.060104,0.058864,0.059413,30,"2782, 13801, 54, 72.26"
3,1,"NVIDIA GeForce RTX 5060",120,30,lf-sparse,loadfactor,320000,0.010000,18560,1160,0.017700,8,65536,A4-rust,update,0.478088,0.480188,0.481172,0.473224,0.477767,30,"2782, 13801, 54, 72.26"
3,1,"NVIDIA GeForce RTX 5060",120,30,lf-sparse,loadfactor,320000,0.010000,18560,1160,0.017700,8,65536,A5-triton,allocate,0.965056,0.966164,0.966356,0.963688,0.965169,30,"2782, 13801, 54, 72.26"
3,1,"NVIDIA GeForce RTX 5060",120,30,lf-sparse,loadfactor,320000,0.010000,18560,1160,0.017700,8,65536,A5-triton,update,0.564000,0.565592,0.566416,0.559412,0.563608,30,"2782, 13801, 54, 72.26"
3,1,"NVIDIA GeForce RTX 5060",120,30,plane-320k,shape,320356,0.010000,16384,1060,0.032349,8,65536,A3-cuda,allocate,0.053200,0.053964,0.054144,0.052932,0.053293,30,"2782, 13801, 54, 77.50"
3,1,"NVIDIA GeForce RTX 5060",120,30,plane-320k,shape,320356,0.010000,16384,1060,0.032349,8,65536,A3-cuda,update,0.620240,0.624076,0.624260,0.616556,0.620338,30,"2782, 13801, 54, 77.50"
3,1,"NVIDIA GeForce RTX 5060",120,30,plane-320k,shape,320356,0.010000,16384,1060,0.032349,8,65536,A4-rust,allocate,0.058632,0.059176,0.059312,0.057992,0.058649,30,"2782, 13801, 54, 77.50"
3,1,"NVIDIA GeForce RTX 5060",120,30,plane-320k,shape,320356,0.010000,16384,1060,0.032349,8,65536,A4-rust,update,0.627980,0.630824,0.632052,0.625444,0.627671,30,"2782, 13801, 54, 77.50"
3,1,"NVIDIA GeForce RTX 5060",120,30,plane-320k,shape,320356,0.010000,16384,1060,0.032349,8,65536,A5-triton,allocate,0.965620,0.967264,0.967400,0.962808,0.965631,30,"2782, 13801, 54, 77.50"
3,1,"NVIDIA GeForce RTX 5060",120,30,plane-320k,shape,320356,0.010000,16384,1060,0.032349,8,65536,A5-triton,update,0.700184,0.703492,0.704544,0.695336,0.700144,30,"2782, 13801, 54, 77.50"
3,1,"NVIDIA GeForce RTX 5060",120,30,tartan-cold,real,407444,0.010000,65536,10245,0.078163,8,65536,A3-cuda,allocate,0.071072,0.071740,0.071752,0.070660,0.071089,30,"2782, 13801, 54, 76.58"
3,1,"NVIDIA GeForce RTX 5060",120,30,tartan-cold,real,407444,0.010000,65536,10245,0.078163,8,65536,A3-cuda,update,0.833356,0.835860,0.836468,0.831736,0.833702,30,"2782, 13801, 54, 76.58"
3,1,"NVIDIA GeForce RTX 5060",120,30,tartan-cold,real,407444,0.010000,65536,10245,0.078163,8,65536,A4-rust,allocate,0.080720,0.081100,0.081180,0.080376,0.080751,30,"2782, 13801, 54, 76.58"
3,1,"NVIDIA GeForce RTX 5060",120,30,tartan-cold,real,407444,0.010000,65536,10245,0.078163,8,65536,A4-rust,update,0.834980,0.836752,0.837500,0.832144,0.834949,30,"2782, 13801, 54, 76.58"
3,1,"NVIDIA GeForce RTX 5060",120,30,tartan-cold,real,407444,0.010000,65536,10245,0.078163,8,65536,A5-triton,allocate,1.226652,1.228376,1.228476,1.224452,1.226566,30,"2782, 13801, 54, 76.58"
3,1,"NVIDIA GeForce RTX 5060",120,30,tartan-cold,real,407444,0.010000,65536,10245,0.078163,8,65536,A5-triton,update,1.108808,1.110888,1.112136,1.105444,1.108688,30,"2782, 13801, 54, 76.58"
3,1,"NVIDIA GeForce RTX 5060",120,30,tartan-warm,real,407444,0.010000,65536,14332,0.109344,8,65536,A3-cuda,allocate,0.051528,0.051872,0.052180,0.051264,0.051527,30,"2782, 13801, 58, 93.95"
3,1,"NVIDIA GeForce RTX 5060",120,30,tartan-warm,real,407444,0.010000,65536,14332,0.109344,8,65536,A3-cuda,update,0.711544,0.714568,0.714708,0.707176,0.711244,30,"2782, 13801, 58, 93.95"
3,1,"NVIDIA GeForce RTX 5060",120,30,tartan-warm,real,407444,0.010000,65536,14332,0.109344,8,65536,A4-rust,allocate,0.057892,0.058096,0.058160,0.057656,0.057911,30,"2782, 13801, 58, 93.95"
3,1,"NVIDIA GeForce RTX 5060",120,30,tartan-warm,real,407444,0.010000,65536,14332,0.109344,8,65536,A4-rust,update,0.710124,0.711668,0.712200,0.705836,0.709852,30,"2782, 13801, 58, 93.95"
3,1,"NVIDIA GeForce RTX 5060",120,30,tartan-warm,real,407444,0.010000,65536,14332,0.109344,8,65536,A5-triton,allocate,1.223212,1.225244,1.225480,1.220556,1.222946,30,"2782, 13801, 58, 93.95"
3,1,"NVIDIA GeForce RTX 5060",120,30,tartan-warm,real,407444,0.010000,65536,14332,0.109344,8,65536,A5-triton,update,1.006488,1.010324,1.010620,1.003692,1.006426,30,"2782, 13801, 58, 93.95"
